index,person_id,latlon,time,time_shift,sequence,poi_type,activity_type,travel_type,fixed_activity,time_available
1,1,"36.017275180220686, -83.9789496929944",3/11/2022 0:00,3/11/2022 8:45,1,home,home,stay,y,525
2,1,"36.017275180220686, -83.9789496929944",3/11/2022 8:45,3/11/2022 8:52,2,home,home,stay,y,7
3,1,"36.00855266240395, -84.00900907740508",3/11/2022 8:52,3/11/2022 19:30,3,work,work,drive,y,638
4,1,"36.00855266240395, -84.00900907740508",3/11/2022 19:30,3/11/2022 19:37,4,work,work,stay,y,7
5,1,"36.017275180220686, -83.9789496929944",3/11/2022 19:37,3/12/2022 8:00,5,home,home,drive,y,743
6,1,"36.017275180220686, -83.9789496929944",3/12/2022 8:00,3/12/2022 8:32,6,home,home,stay,y,32
7,1,"36.017275180220686, -83.9789496929944",3/12/2022 8:32,3/12/2022 8:50,7,home,home,stay,y,18
8,1,"35.92535781354765, -84.00089557479511",3/12/2022 8:50,3/12/2022 11:41,8,church,social,drive,y,171
9,1,"35.92535781354765, -84.00089557479511",3/12/2022 11:41,3/12/2022 11:50,9,church,social,stay,y,9
10,1,"35.93162854767913, -84.02546806785314",3/12/2022 11:50,3/12/2022 14:59,10,restaurant,eat,drive,y,189
11,1,"35.93162854767913, -84.02546806785314",3/12/2022 14:59,3/12/2022 15:13,11,restaurant,eat,stay,y,14
12,1,"36.037151547762804, -83.88836923955422",3/12/2022 15:13,3/12/2022 15:20,12,pharmacy,shop,drive,y,7
13,1,"36.037151547762804, -83.88836923955422",3/12/2022 15:20,3/12/2022 15:27,13,pharmacy,shop,stay,y,7
14,1,"36.031335617114486, -83.86637642643856",3/12/2022 15:27,3/12/2022 16:59,14,grocery,shop,drive,n,92
15,1,"36.031335617114486, -83.86637642643856",3/12/2022 16:59,3/12/2022 17:11,15,grocery,shop,stay,n,12
16,1,"36.017275180220686, -83.9789496929944",3/12/2022 17:11,3/12/2022 19:00,16,home,home,drive,n,109
17,1,"36.017275180220686, -83.9789496929944",3/12/2022 19:00,3/12/2022 23:59,17,home,home,stay,y,299
18,1,"36.017275180220686, -83.9789496929944",3/12/2022 23:59,,18,home,home,stay,y,0
19,2,"35.98609435245885, -83.87576239278165",3/11/2022 0:00,3/11/2022 8:09,1,home,home,drive,y,489
20,2,"35.98609435245885, -83.87576239278165",3/11/2022 8:09,3/11/2022 8:12,2,home,home,stay,y,3
21,2,"35.98349169566448, -83.86571214720897",3/11/2022 8:12,3/11/2022 11:41,3,garden,social,drive,y,209
22,2,"35.98349169566448, -83.86571214720897",3/11/2022 11:41,3/11/2022 11:51,4,garden,social,stay,y,10
23,2,"35.984050920293654, -83.86389072399044",3/11/2022 11:51,3/11/2022 12:00,5,gas,shop,drive,n,9
24,2,"35.984050920293654, -83.86389072399044",3/11/2022 12:00,3/11/2022 12:11,6,gas,shop,stay,n,11
25,2,"35.98609435245885, -83.87576239278165",3/11/2022 12:11,3/11/2022 13:01,7,home,home,drive,y,50
26,2,"35.98609435245885, -83.87576239278165",3/11/2022 13:01,3/11/2022 13:12,8,home,home,stay,y,11
27,2,"35.98349169566448, -83.86571214720897",3/11/2022 13:12,3/11/2022 17:12,9,garden,social,drive,y,240
28,2,"35.98349169566448, -83.86571214720897",3/11/2022 17:12,3/11/2022 17:22,10,garden,social,stay,y,10
29,2,"35.98609435245885, -83.87576239278165",3/11/2022 17:22,3/12/2022 10:00,11,home,home,drive,y,998
30,2,"35.98609435245885, -83.87576239278165",3/12/2022 10:00,3/12/2022 10:11,12,home,home,stay,y,11
31,2,"35.95135168077186, -83.9250583052017",3/12/2022 10:11,3/12/2022 14:22,13,sports,social,drive,n,251
32,2,"35.95135168077186, -83.9250583052017",3/12/2022 14:22,3/12/2022 14:56,14,sports,social,stay,n,34
33,2,"35.98609435245885, -83.87576239278165",3/12/2022 14:56,3/12/2022 18:00,15,home,home,drive,n,184
34,2,"35.98609435245885, -83.87576239278165",3/12/2022 18:00,3/12/2022 23:59,16,home,home,tay,y,359
35,2,"35.98609435245885, -83.87576239278165",3/12/2022 23:59,,17,home,home,stay,y,0
36,3,"35.96010228551909, -83.9188915294376",3/11/2022 0:00,3/11/2022 1:43,1,bank,work,stay,y,103
37,3,"35.96010228551909, -83.9188915294376",3/11/2022 1:43,3/11/2022 2:03,2,bank,work,walk,y,20
38,3,"35.95808867715242, -83.90426963986357",3/11/2022 2:03,3/11/2022 10:15,3,home,home,stay,y,492
39,3,"35.95808867715242, -83.90426963986357",3/11/2022 10:15,3/11/2022 10:46,4,home,home,stay,y,31
40,3,"35.9592851213504, -83.90460677621395",3/11/2022 10:46,3/11/2022 10:48,5,bus_stop,travel,walk,y,2
41,3,"35.9592851213504, -83.90460677621395",3/11/2022 10:48,3/11/2022 11:13,6,bus_stop,travel,stay,y,25
42,3,"35.95560370575278, -83.96556637365558",3/11/2022 11:13,3/11/2022 11:19,7,bus_stop,travel,transit,y,6
43,3,"35.95739685436922, -83.96453325074523",3/11/2022 11:19,3/11/2022 16:20,8,school,school,walk,y,301
44,3,"35.95739685436922, -83.96453325074523",3/11/2022 16:20,3/11/2022 16:27,9,school,school,stay,y,7
45,3,"35.952655888861244, -83.9650406364998",3/11/2022 16:27,3/11/2022 16:30,10,bus_stop,travel,walk,y,3
46,3,"35.952655888861244, -83.9650406364998",3/11/2022 16:30,3/11/2022 17:04,11,bus_stop,travel,stay,y,34
47,3,"35.9592851213504, -83.90460677621395",3/11/2022 17:04,3/11/2022 17:18,12,bus_stop,travel,transit,y,14
48,3,"35.96010228551909, -83.9188915294376",3/11/2022 17:18,3/12/2022 1:43,13,bank,work,walk,y,505
49,3,"35.96010228551909, -83.9188915294376",3/12/2022 1:43,3/12/2022 2:12,14,bank,work,stay,y,29
50,3,"35.95808867715242, -83.90426963986357",3/12/2022 2:12,3/12/2022 11:10,15,home,home,walk,y,538
51,3,"35.95808867715242, -83.90426963986357",3/12/2022 11:10,3/12/2022 11:59,16,home,home,stay,y,49
52,3,"35.93498876956397, -83.90679194905826",3/12/2022 11:59,3/12/2022 12:29,17,grocery,shop,walk,n,30
53,3,"35.93498876956397, -83.90679194905826",3/12/2022 12:29,3/12/2022 12:35,18,grocery,shop,stay,n,6
54,3,"35.93250981577556, -83.90580555878401",3/12/2022 12:35,3/12/2022 13:14,19,grocery,shop,walk,n,39
55,3,"35.93250981577556, -83.90580555878401",3/12/2022 13:14,3/12/2022 14:03,20,grocery,shop,stay,n,49
56,3,"35.95808867715242, -83.90426963986357",3/12/2022 14:03,3/12/2022 17:00,21,home,home,walk,n,177
57,3,"35.95808867715242, -83.90426963986357",3/12/2022 17:00,3/12/2022 23:59,22,home,home,stay,y,419
58,3,"35.95808867715242, -83.90426963986357",3/12/2022 23:59,,23,home,home,stay,y,0
59,4,"35.934019762725534, -84.07721548710211",3/11/2022 0:00,3/11/2022 7:27,1,home,home,stay,y,447
60,4,"35.934019762725534, -84.07721548710211",3/11/2022 7:27,3/11/2022 7:37,2,home,home,stay,y,10
61,4,"35.92453138269377, -84.07484556526816",3/11/2022 7:37,3/11/2022 9:12,3,park,recreation,drive,n,95
62,4,"35.92453138269377, -84.07484556526816",3/11/2022 9:12,3/11/2022 9:20,4,park,recreation,stay,n,8
63,4,"35.92631279576836, -84.06270450865534",3/11/2022 9:20,3/11/2022 9:55,5,store,shop,drive,n,35
64,4,"35.92631279576836, -84.06270450865534",3/11/2022 9:55,3/11/2022 10:02,6,store,shop,stay,n,7
65,4,"35.92721470503679, -84.0602246148864",3/11/2022 10:02,3/11/2022 11:22,7,store,shop,drive,n,80
66,4,"35.92721470503679, -84.0602246148864",3/11/2022 11:22,3/11/2022 11:37,8,store,shop,stay,n,15
67,4,"35.934019762725534, -84.07721548710211",3/11/2022 11:37,3/11/2022 14:57,9,home,home,drive,n,200
68,4,"35.934019762725534, -84.07721548710211",3/11/2022 14:57,3/11/2022 15:09,10,home,home,stay,n,12
69,4,"35.91882993729321, -84.0849734823089",3/11/2022 15:09,3/11/2022 16:07,11,store,shop,drive,n,58
70,4,"35.91882993729321, -84.0849734823089",3/11/2022 16:07,3/11/2022 16:22,12,store,shop,stay,n,15
71,4,"35.934019762725534, -84.07721548710211",3/11/2022 16:22,3/11/2022 19:00,13,home,home,drive,y,158
72,4,"35.934019762725534, -84.07721548710211",3/11/2022 19:00,3/12/2022 10:42,14,home,home,stay,y,942
73,4,"35.934019762725534, -84.07721548710211",3/12/2022 10:42,3/12/2022 10:48,15,home,home,stay,y,6
74,4,"35.92147889046933, -84.08789340621922",3/12/2022 10:48,3/12/2022 19:55,16,work,work,drive,y,547
75,4,"35.92147889046933, -84.08789340621922",3/12/2022 19:55,3/12/2022 20:02,17,work,work,stay,n,7
76,4,"35.934019762725534, -84.07721548710211",3/12/2022 20:02,3/12/2022 21:00,18,home,home,drive,n,58
77,4,"35.934019762725534, -84.07721548710211",3/12/2022 21:00,3/12/2022 23:59,19,home,home,stay,y,179
78,4,"35.934019762725534, -84.07721548710211",3/12/2022 23:59,,20,home,home,stay,y,0
79,5,"35.95498572297621, -83.93159117686818",3/11/2022 0:00,3/11/2022 7:54,1,home,home,stay,y,474
80,5,"35.95711741865676, -83.92760768354964",3/11/2022 7:54,3/11/2022 8:52,2,school,school,walk,y,58
81,5,"35.95711741865676, -83.92760768354964",3/11/2022 8:52,3/11/2022 8:59,3,school,school,stay,y,7
82,5,"35.95564677114325, -83.9287890173111",3/11/2022 8:59,3/11/2022 9:23,4,restaurant,eat,walk,y,24
83,5,"35.95564677114325, -83.9287890173111",3/11/2022 9:23,3/11/2022 9:33,5,restaurant,eat,stay,y,10
84,5,"35.95498572297621, -83.93159117686818",3/11/2022 9:33,3/11/2022 12:45,6,home,home,walk,n,192
85,5,"35.95498572297621, -83.93159117686818",3/11/2022 12:45,3/11/2022 12:54,7,home,home,stay,n,9
86,5,"35.95581795071851, -83.9332160871249",3/11/2022 12:54,3/11/2022 13:32,8,restaurant,eat,walk,y,38
87,5,"35.95581795071851, -83.9332160871249",3/11/2022 13:32,3/11/2022 13:39,9,restaurant,eat,stay,y,7
88,5,"35.95498572297621, -83.93159117686818",3/11/2022 13:39,3/11/2022 15:12,10,home,study,walk,n,93
89,5,"35.95498572297621, -83.93159117686818",3/11/2022 15:12,3/11/2022 15:28,11,home,home,stay,n,16
90,5,"35.94987746378547, -83.93969935124429",3/11/2022 15:28,3/11/2022 16:28,12,grocery,shop,walk,n,60
91,5,"35.94987746378547, -83.93969935124429",3/11/2022 16:28,3/11/2022 17:01,13,grocery,shop,stay,n,33
92,5,"35.94987746378547, -83.93969935124429",3/11/2022 17:01,3/11/2022 17:51,14,home,home,walk,n,50
93,5,"35.94987746378547, -83.93969935124429",3/11/2022 17:51,3/11/2022 17:59,15,home,home,stay,n,8
94,5,"35.953351500124526, -83.93060236563888",3/11/2022 17:59,3/11/2022 20:09,16,theatre,recreation,walk,n,130
95,5,"35.953351500124526, -83.93060236563888",3/11/2022 20:09,3/11/2022 20:15,17,theatre,recreation,stay,n,6
96,5,"35.95498572297621, -83.93159117686818",3/11/2022 20:15,3/12/2022 9:43,18,home,home,walk,y,808
97,5,"35.95498572297621, -83.93159117686818",3/12/2022 9:43,3/12/2022 10:09,19,home,home,stay,y,26
98,5,"35.96501651959216, -83.91945784444025",3/12/2022 10:09,3/12/2022 10:59,20,farmers_market,shop,walk,n,50
99,5,"35.96501651959216, -83.91945784444025",3/12/2022 10:59,3/12/2022 11:03,21,farmers_market,shop,stay,n,4
100,5,"35.96467888653612, -83.91761779720387",3/12/2022 11:03,3/12/2022 11:58,22,restaurant,eat,walk,y,55
101,5,"35.96467888653612, -83.91761779720387",3/12/2022 11:58,3/12/2022 12:05,23,restaurant,eat,stay,y,7
102,5,"35.968835571136886, -83.92046535596603",3/12/2022 12:05,3/12/2022 13:00,24,art_gallery,recreation,walk,n,55
103,5,"35.968835571136886, -83.92046535596603",3/12/2022 13:00,3/12/2022 13:35,25,art_gallery,recreation,stay,n,35
104,5,"35.95498572297621, -83.93159117686818",3/12/2022 13:35,3/12/2022 18:13,26,home,home,walk,n,278
105,5,"35.95498572297621, -83.93159117686818",3/12/2022 18:13,3/12/2022 18:21,27,home,home,stay,n,8
106,5,"35.95266504198297, -83.93382514054257",3/12/2022 18:21,3/12/2022 19:03,28,restaurant,eat,walk,y,42
107,5,"35.95266504198297, -83.93382514054257",3/12/2022 19:03,3/12/2022 19:12,29,restaurant,eat,stay,y,9
108,5,"35.95498572297621, -83.93159117686818",3/12/2022 19:12,3/12/2022 23:59,30,home,study,walk,y,287
109,5,"35.95498572297621, -83.93159117686818",3/12/2022 23:59,,31,home,home,stay,y,0
110,6,"35.93333953781837, -83.91124066568271",3/11/2022 0:00,3/11/2022 5:47,1,home,home,walk,y,347
111,6,"35.93333953781837, -83.91124066568271",3/11/2022 5:47,3/11/2022 5:54,2,home,home,stay,y,7
112,6,"35.932635811329085, -83.91489928928658",3/11/2022 5:54,3/11/2022 5:55,3,bus_stop,travel,walk,y,1
113,6,"35.932635811329085, -83.91489928928658",3/11/2022 5:55,3/11/2022 6:09,4,bus_stop,travel,stay,y,14
114,6,"35.9651995563741, -83.91379974300358",3/11/2022 6:09,3/11/2022 6:15,5,bus_stop,travel,transit,y,6
115,6,"35.9651995563741, -83.91379974300358",3/11/2022 6:15,3/11/2022 7:08,6,bus_stop,travel,stay,y,53
116,6,"35.92425610917283, -84.05542424242253",3/11/2022 7:08,3/11/2022 7:15,7,bus_stop,travel,transit,y,7
117,6,"35.9215820084324, -84.05704171799077",3/11/2022 7:15,3/11/2022 14:42,8,school,work,walk,y,447
118,6,"35.9215820084324, -84.05704171799077",3/11/2022 14:42,3/11/2022 14:45,9,school,work,stay,y,3
119,6,"35.92348109612326, -84.05729342922585",3/11/2022 14:45,3/11/2022 14:49,10,bus_stop,travel,walk,y,4
120,6,"35.92348109612326, -84.05729342922585",3/11/2022 14:49,3/11/2022 15:40,11,bus_stop,travel,stay,y,51
121,6,"35.9651995563741, -83.91379974300358",3/11/2022 15:40,3/11/2022 15:44,12,bus_stop,travel,transit,y,4
122,6,"35.9651995563741, -83.91379974300358",3/11/2022 15:44,3/11/2022 15:56,13,bus_stop,travel,stay,y,12
123,6,"35.93390791018351, -83.90538824022254",3/11/2022 15:56,3/11/2022 16:03,14,bus_stop,travel,transit,y,7
124,6,"35.93333953781837, -83.91124066568271",3/11/2022 16:03,3/12/2022 9:10,15,home,home,walk,y,1027
125,6,"35.93333953781837, -83.91124066568271",3/12/2022 9:10,3/12/2022 9:17,16,home,home,stay,y,7
126,6,"35.932635811329085, -83.91489928928658",3/12/2022 9:17,3/12/2022 9:45,17,bus_stop,travel,walk,n,28
127,6,"35.96257340444492, -83.9193706300355",3/12/2022 9:45,3/12/2022 10:02,18,bus_stop,travel,transit,n,17
128,6,"35.96245965235446, -83.92530323122459",3/12/2022 10:02,3/12/2022 12:02,19,museum,recreation,walk,n,120
129,6,"35.96245965235446, -83.92530323122459",3/12/2022 12:02,3/12/2022 12:14,20,museum,recreation,stay,n,12
130,6,"35.96396036500105, -83.92078194968694",3/12/2022 12:14,3/12/2022 13:32,21,restaurant,eat,walk,y,78
131,6,"35.96396036500105, -83.92078194968694",3/12/2022 13:32,3/12/2022 13:40,22,restaurant,eat,stay,y,8
132,6,"35.966367816067496, -83.91870181581356",3/12/2022 13:40,3/12/2022 14:02,23,store,shop,walk,n,22
133,6,"35.966367816067496, -83.91870181581356",3/12/2022 14:02,3/12/2022 14:08,24,store,shop,stay,n,6
134,6,"35.96353860869744, -83.91716166588718",3/12/2022 14:08,3/12/2022 14:14,25,bus_stop,travel,walk,n,6
135,6,"35.96353860869744, -83.91716166588718",3/12/2022 14:14,3/12/2022 14:27,26,bus_stop,travel,stay,n,13
136,6,"35.93286429686599, -83.91471831658482",3/12/2022 14:27,3/12/2022 14:33,27,bus_stop,travel,transit,n,6
137,6,"35.93333953781837, -83.91124066568271",3/12/2022 14:33,3/12/2022 18:00,28,home,home,walk,n,207
138,6,"35.93333953781837, -83.91124066568271",3/12/2022 18:00,3/12/2022 23:59,29,home,home,stay,y,359
139,6,"35.93333953781837, -83.91124066568271",3/12/2022 23:59,,30,home,home,stay,y,0
140,7,"35.997048256020626, -83.94882142499111",3/11/2022 0:00,3/11/2022 6:17,1,home,home,stay,y,377
141,7,"35.997048256020626, -83.94882142499111",3/11/2022 6:17,3/11/2022 6:37,2,home,home,stay,y,20
142,7,"35.92465620479438, -84.05492267019471",3/11/2022 6:37,3/11/2022 12:30,3,restaurant,work,drive,y,353
143,7,"35.92465620479438, -84.05492267019471",3/11/2022 12:30,3/11/2022 12:35,4,restaurant,work,stay,y,5
144,7,"35.922705440659165, -84.06254223827057",3/11/2022 12:35,3/11/2022 19:03,5,restaurant,work,drive,y,388
145,7,"35.922705440659165, -84.06254223827057",3/11/2022 19:03,3/11/2022 19:22,6,restaurant,work,stay,y,19
146,7,"35.997048256020626, -83.94882142499111",3/11/2022 19:22,3/12/2022 6:17,7,home,home,drive,y,655
147,7,"35.997048256020626, -83.94882142499111",3/12/2022 6:17,3/12/2022 6:38,8,home,home,stay,y,21
148,7,"35.90439249534806, -84.01991612135879",3/12/2022 6:38,3/12/2022 6:48,9,gym,drop_off_passenger,drive,y,10
149,7,"35.92465620479438, -84.05492267019471",3/12/2022 6:48,3/12/2022 12:49,10,restaurant,work,drive,y,361
150,7,"35.92465620479438, -84.05492267019471",3/12/2022 12:49,3/12/2022 12:57,11,restaurant,work,stay,y,8
151,7,"35.922705440659165, -84.06254223827057",3/12/2022 12:57,3/12/2022 19:01,12,restaurant,work,drive,y,364
152,7,"35.922705440659165, -84.06254223827057",3/12/2022 19:01,3/12/2022 19:16,13,restaurant,work,stay,y,15
153,7,"35.90439249534806, -84.01991612135879",3/12/2022 19:16,3/12/2022 19:39,14,gym,pick_up_passenger,drive,y,23
154,7,"35.997048256020626, -83.94882142499111",3/12/2022 19:39,3/12/2022 20:00,15,home,home,drive,y,21
155,7,"35.997048256020626, -83.94882142499111",3/12/2022 20:00,3/12/2022 23:59,16,home,home,stay,y,239
156,7,"35.997048256020626, -83.94882142499111",3/12/2022 23:59,,17,home,home,stay,y,0
157,8,"36.003976178797195, -83.92272560840624",3/11/2022 0:00,3/11/2022 7:41,1,home,home,stay,y,461
158,8,"36.003976178797195, -83.92272560840624",3/11/2022 7:41,3/11/2022 7:55,2,home,home,stay,y,14
159,8,"35.98541780535343, -83.93441551861244",3/11/2022 7:55,3/11/2022 12:05,3,coffee_shop,work,bike,y,250
160,8,"35.98541780535343, -83.93441551861244",3/11/2022 12:05,3/11/2022 12:18,4,coffee_shop,work,stay,y,13
161,8,"35.979317850471645, -83.9125009510644",3/11/2022 12:18,3/11/2022 13:21,5,gym,recreation,bike,n,63
162,8,"35.979317850471645, -83.9125009510644",3/11/2022 13:21,3/11/2022 13:35,6,gym,recreation,stay,n,14
163,8,"36.003976178797195, -83.92272560840624",3/11/2022 13:35,3/11/2022 14:41,7,home,home,bike,n,66
164,8,"36.003976178797195, -83.92272560840624",3/11/2022 14:41,3/11/2022 14:55,8,home,home,stay,n,14
165,8,"35.99055723323696, -83.94078570239222",3/11/2022 14:55,3/11/2022 22:23,9,brewery,work,bike,y,448
166,8,"35.99055723323696, -83.94078570239222",3/11/2022 22:23,3/11/2022 22:38,10,brewery,work,stay,y,15
167,8,"36.003976178797195, -83.92272560840624",3/11/2022 22:38,3/12/2022 7:44,11,home,home,bike,y,546
168,8,"36.003976178797195, -83.92272560840624",3/12/2022 7:44,3/12/2022 7:59,12,home,home,stay,y,15
169,8,"35.98541780535343, -83.93441551861244",3/12/2022 7:59,3/12/2022 12:13,13,coffee_shop,work,bike,y,254
170,8,"35.98541780535343, -83.93441551861244",3/12/2022 12:13,3/12/2022 12:25,14,coffee_shop,work,stay,y,12
171,8,"35.96825146305257, -83.91764870802795",3/12/2022 12:25,3/12/2022 14:36,15,restaurant,eat,bike,y,131
172,8,"35.96825146305257, -83.91764870802795",3/12/2022 14:36,3/12/2022 14:55,16,restaurant,eat,stay,y,19
173,8,"35.99055723323696, -83.94078570239222",3/12/2022 14:55,3/12/2022 22:13,17,brewery,work,bike,y,438
174,8,"35.99055723323696, -83.94078570239222",3/12/2022 22:13,3/12/2022 22:29,18,brewery,work,stay,y,16
175,8,"36.003976178797195, -83.92272560840624",3/12/2022 22:29,3/12/2022 23:59,19,home,home,bike,y,90
176,8,"36.003976178797195, -83.92272560840624",3/12/2022 23:59,,20,home,home,stay,y,0
177,9,"35.87073530009007, -84.17053006073752",3/11/2022 0:00,3/11/2022 10:33,1,home,home,drive,y,633
178,9,"35.87073530009007, -84.17053006073752",3/11/2022 10:33,3/11/2022 10:44,2,home,home,stay,y,11
179,9,"35.89293648596633, -84.17087307100105",3/11/2022 10:44,3/11/2022 11:47,3,gym,recreation,drive,n,63
180,9,"35.89293648596633, -84.17087307100105",3/11/2022 11:47,3/11/2022 11:50,4,gym,recreation,stay,n,3
181,9,"35.89392177050691, -84.170150656711",3/11/2022 11:50,3/11/2022 12:11,5,grocery,shop,walk,n,21
182,9,"35.89392177050691, -84.170150656711",3/11/2022 12:11,3/11/2022 12:23,6,grocery,shop,stay,n,12
183,9,"35.87073530009007, -84.17053006073752",3/11/2022 12:23,3/12/2022 9:33,7,home,home,drive,n,1270
184,9,"35.87073530009007, -84.17053006073752",3/12/2022 9:33,3/12/2022 9:59,8,home,home,stay,n,26
185,9,"35.964755321634726, -83.91957883371988",3/12/2022 9:59,3/12/2022 11:39,9,restaurant,eat,drive,y,100
186,9,"35.964755321634726, -83.91957883371988",3/12/2022 11:39,3/12/2022 11:40,10,restaurant,eat,stay,y,1
187,9,"35.96497102451511, -83.91945668480665",3/12/2022 11:40,3/12/2022 13:03,11,store,shop,walk,n,83
188,9,"35.96497102451511, -83.91945668480665",3/12/2022 13:03,3/12/2022 13:25,12,store,shop,stay,n,22
189,9,"35.87073530009007, -84.17053006073752",3/12/2022 13:25,3/12/2022 17:00,13,home,home,drive,n,215
190,9,"35.87073530009007, -84.17053006073752",3/12/2022 17:00,3/12/2022 23:59,14,home,home,stay,y,419
191,9,"35.87073530009007, -84.17053006073752",3/12/2022 23:59,,15,home,home,stay,y,0
192,10,"35.9863030261866, -83.93202809469427",3/11/2022 0:00,3/11/2022 10:52,1,home,home,stay,y,652
193,10,"35.9863030261866, -83.93202809469427",3/11/2022 10:52,3/11/2022 11:07,2,home,home,stay,y,15
194,10,"35.96518946261866, -83.91984310584695",3/11/2022 11:07,3/11/2022 14:13,3,restaurant,work,bike,y,186
195,10,"35.96518946261866, -83.91984310584695",3/11/2022 14:13,3/11/2022 14:17,4,restaurant,work,stay,y,4
196,10,"35.963135020527524, -83.92152235615819",3/11/2022 14:17,3/11/2022 15:42,5,gym,recreation,bike,n,85
197,10,"35.963135020527524, -83.92152235615819",3/11/2022 15:42,3/11/2022 15:59,6,gym,recreation,stay,n,17
198,10,"35.9863030261866, -83.93202809469427",3/11/2022 15:59,3/12/2022 15:38,7,home,home,bike,n,1419
199,10,"35.9863030261866, -83.93202809469427",3/12/2022 15:38,3/12/2022 15:44,8,home,home,stay,n,6
200,10,"35.97182472014824, -83.91674784400168",3/12/2022 15:44,3/12/2022 15:46,9,parking_lot,travel,drive,y,2
201,10,"35.97067773174696, -83.91840226699581",3/12/2022 15:46,3/12/2022 23:01,10,restaurant,work,walk,y,435
202,10,"35.97067773174696, -83.91840226699581",3/12/2022 23:01,3/12/2022 23:04,11,restaurant,work,stay,y,3
203,10,"35.97182472014824, -83.91674784400168",3/12/2022 23:04,3/12/2022 23:10,12,parking_lot,travel,walk,y,6
204,10,"35.9863030261866, -83.93202809469427",3/12/2022 23:10,3/12/2022 23:59,13,home,home,drive,y,49
205,10,"35.9863030261866, -83.93202809469427",3/12/2022 23:59,,14,home,home,stay,y,0
206,11,"35.94836638998735, -84.02975351719066",3/11/2022 0:00,3/11/2022 7:42,1,home,home,stay,y,462
207,11,"35.94836638998735, -84.02975351719066",3/11/2022 7:42,3/11/2022 7:59,2,home,home,stay,y,17
208,11,"35.95991662563244, -83.92514290176926",3/11/2022 7:59,3/11/2022 8:05,3,parking_lot,travel,drive,y,6
209,11,"35.957127247780114, -83.92688110344932",3/11/2022 8:05,3/11/2022 17:09,4,school,work,walk,y,544
210,11,"35.957127247780114, -83.92688110344932",3/11/2022 17:09,3/11/2022 17:15,5,school,work,stay,y,6
211,11,"35.95991662563244, -83.92514290176926",3/11/2022 17:15,3/11/2022 17:22,6,parking_lot,travel,walk,y,7
212,11,"35.94896359506781, -83.93430022301129",3/11/2022 17:22,3/11/2022 18:42,7,gym,recreation,drive,n,80
213,11,"35.94896359506781, -83.93430022301129",3/11/2022 18:42,3/11/2022 18:48,8,gym,recreation,stay,n,6
214,11,"35.94987021232452, -83.93965109507255",3/11/2022 18:48,3/11/2022 19:21,9,grocery,shop,drive,n,33
215,11,"35.94987021232452, -83.93965109507255",3/11/2022 19:21,3/11/2022 19:35,10,grocery,shop,stay,n,14
216,11,"35.94836638998735, -84.02975351719066",3/11/2022 19:35,3/12/2022 9:12,11,home,home,drive,y,817
217,11,"35.94836638998735, -84.02975351719066",3/12/2022 9:12,3/12/2022 9:21,12,home,home,stay,y,9
218,11,"35.931407645784915, -84.00867170371788",3/12/2022 9:21,3/12/2022 10:32,13,gym,recreation,drive,n,71
219,11,"35.931407645784915, -84.00867170371788",3/12/2022 10:32,3/12/2022 10:35,14,gym,recreation,stay,n,3
220,11,"35.931270545560466, -84.00980355361774",3/12/2022 10:35,3/12/2022 11:53,15,restaurant,eat,drive,y,78
221,11,"35.931270545560466, -84.00980355361774",3/12/2022 11:53,3/12/2022 12:00,16,restaurant,eat,stay,y,7
222,11,"35.927275533901735, -84.04598705262448",3/12/2022 12:00,3/12/2022 12:59,17,grocery,shop,drive,n,59
223,11,"35.927275533901735, -84.04598705262448",3/12/2022 12:59,3/12/2022 13:10,18,grocery,shop,stay,n,11
224,11,"35.94836638998735, -84.02975351719066",3/12/2022 13:10,3/12/2022 18:00,19,home,home,drive,n,290
225,11,"35.94836638998735, -84.02975351719066",3/12/2022 18:00,3/12/2022 23:59,20,home,home,stay,y,359
226,11,"35.94836638998735, -84.02975351719066",3/12/2022 23:59,,21,home,home,stay,y,0
227,12,"35.89439427553805, -84.03280527538377",3/11/2022 0:00,3/11/2022 8:20,1,home,home,stay,y,500
228,12,"35.89439427553805, -84.03280527538377",3/11/2022 8:20,3/11/2022 8:27,2,home,home,stay,y,7
229,12,"35.920575313971895, -83.99068653979042",3/11/2022 8:27,3/11/2022 9:59,3,park,recreation,drive,n,92
230,12,"35.920575313971895, -83.99068653979042",3/11/2022 9:59,3/11/2022 10:06,4,park,recreation,stay,n,7
231,12,"35.89439427553805, -84.03280527538377",3/11/2022 10:06,3/12/2022 9:17,5,home,home,drive,n,1391
232,12,"35.89439427553805, -84.03280527538377",3/12/2022 9:17,3/12/2022 9:19,6,home,home,stay,n,2
233,12,"35.881898229544944, -84.03928066166561",3/12/2022 9:19,3/12/2022 9:55,7,store,shop,drive,n,36
234,12,"35.881898229544944, -84.03928066166561",3/12/2022 9:55,3/12/2022 10:02,8,store,shop,stay,n,7
235,12,"35.86266353739147, -84.06913206430451",3/12/2022 10:02,3/12/2022 10:41,9,store,shop,drive,n,39
236,12,"35.86266353739147, -84.06913206430451",3/12/2022 10:41,3/12/2022 11:15,10,store,shop,stay,n,34
237,12,"35.89439427553805, -84.03280527538377",3/12/2022 11:15,3/12/2022 16:00,11,home,home,drive,n,285
238,12,"35.89439427553805, -84.03280527538377",3/12/2022 16:00,3/12/2022 23:59,12,home,home,stay,y,479
239,12,"35.89439427553805, -84.03280527538377",3/12/2022 23:59,,13,home,home,stay,y,0
240,13,"36.09716472700085, -84.03359446025405",3/11/2022 0:00,3/12/2022 23:59,1,home,home,stay,y,2879
241,13,"36.09716472700085, -84.03359446025405",3/12/2022 23:59,,2,home,home,stay,y,0
242,14,"36.073029577401904, -83.76055517731639",3/11/2022 0:00,3/11/2022 7:43,1,home,home,stay,y,463
243,14,"36.073029577401904, -83.76055517731639",3/11/2022 7:43,3/11/2022 7:49,2,home,home,stay,y,6
244,14,"36.08592061152025, -83.76354658905665",3/11/2022 7:49,3/11/2022 7:57,3,school,drop_off_passenger,drive,y,8
245,14,"36.08592061152025, -83.76354658905665",3/11/2022 7:57,3/11/2022 8:05,4,school,drop_off_passenger,stay,y,8
246,14,"36.0618429134037, -83.74268595751204",3/11/2022 8:05,3/11/2022 9:46,5,park,recreation,drive,n,101
247,14,"36.0618429134037, -83.74268595751204",3/11/2022 9:46,3/11/2022 9:55,6,park,recreation,stay,n,9
248,14,"36.073929983703216, -83.77060380068714",3/11/2022 9:55,3/11/2022 10:24,7,store,shop,drive,n,29
249,14,"36.073929983703216, -83.77060380068714",3/11/2022 10:24,3/11/2022 10:32,8,store,shop,stay,n,8
250,14,"36.073029577401904, -83.76055517731639",3/11/2022 10:32,3/12/2022 9:47,9,home,home,drive,n,1395
251,14,"36.073029577401904, -83.76055517731639",3/12/2022 9:47,3/12/2022 9:58,10,home,home,stay,n,11
252,14,"36.06281103673055, -83.78225319309915",3/12/2022 9:58,3/12/2022 10:59,11,restaurant,eat,drive,y,61
253,14,"36.06281103673055, -83.78225319309915",3/12/2022 10:59,3/12/2022 11:11,12,restaurant,eat,stay,y,12
254,14,"36.0618429134037, -83.74268595751204",3/12/2022 11:11,3/12/2022 12:51,13,park,recreation,drive,n,100
255,14,"36.0618429134037, -83.74268595751204",3/12/2022 12:51,3/12/2022 12:58,14,park,recreation,stay,n,7
256,14,"36.073029577401904, -83.76055517731639",3/12/2022 12:58,3/12/2022 17:00,15,home,home,drive,n,242
257,14,"36.073029577401904, -83.76055517731639",3/12/2022 17:00,3/12/2022 23:59,16,home,home,stay,y,419
258,14,"36.073029577401904, -83.76055517731639",3/12/2022 23:59,,17,home,home,stay,y,0
259,15,"35.94602025033053, -84.17324216943369",3/11/2022 0:00,3/11/2022 7:34,1,home,home,stay,y,454
260,15,"35.94602025033053, -84.17324216943369",3/11/2022 7:34,3/11/2022 7:40,2,home,home,stay,y,6
261,15,"35.934188819959274, -84.18546524507148",3/11/2022 7:40,3/11/2022 7:49,3,school,drop_off_passenger,drive,y,9
262,15,"35.934188819959274, -84.18546524507148",3/11/2022 7:49,3/11/2022 7:52,4,school,drop_off_passenger,stay,y,3
263,15,"35.93142999478306, -84.18680631171796",3/11/2022 7:52,3/11/2022 8:02,5,store,shop,drive,n,10
264,15,"35.93142999478306, -84.18680631171796",3/11/2022 8:02,3/11/2022 8:11,6,store,shop,stay,n,9
265,15,"35.94602025033053, -84.17324216943369",3/11/2022 8:11,3/11/2022 8:23,7,home,home,drive,n,12
266,15,"35.9132850297775, -84.1668029243156",3/11/2022 8:23,3/11/2022 8:31,8,day_care,drop_off_passenger,drive,y,8
267,15,"35.9132850297775, -84.1668029243156",3/11/2022 8:31,3/11/2022 8:45,9,day_care,drop_off_passenger,stay,y,14
268,15,"35.94602025033053, -84.17324216943369",3/11/2022 8:45,3/11/2022 14:15,10,home,home,drive,n,330
269,15,"35.94602025033053, -84.17324216943369",3/11/2022 14:15,3/11/2022 14:21,11,home,home,stay,n,6
270,15,"35.934188819959274, -84.18546524507148",3/11/2022 14:21,3/11/2022 14:30,12,school,pick_up_passenger,drive,y,9
271,15,"35.934188819959274, -84.18546524507148",3/11/2022 14:30,3/11/2022 14:36,13,school,pick_up_passenger,stay,y,6
272,15,"35.91170496003009, -84.19205991805985",3/11/2022 14:36,3/11/2022 14:40,14,equestrian_center,drop_off_passenger,drive,y,4
273,15,"35.91170496003009, -84.19205991805985",3/11/2022 14:40,3/11/2022 14:52,15,equestrian_center,drop_off_passenger,stay,y,12
274,15,"35.94602025033053, -84.17324216943369",3/11/2022 14:52,3/11/2022 17:12,16,home,home,drive,n,140
275,15,"35.94602025033053, -84.17324216943369",3/11/2022 17:12,3/11/2022 17:24,17,home,home,stay,n,12
276,15,"35.91170496003009, -84.19205991805985",3/11/2022 17:24,3/11/2022 17:28,18,equestrian_center,drop_off_passenger,drive,y,4
277,15,"35.91170496003009, -84.19205991805985",3/11/2022 17:28,3/11/2022 17:36,19,equestrian_center,drop_off_passenger,stay,y,8
278,15,"35.9132850297775, -84.1668029243156",3/11/2022 17:36,3/11/2022 17:42,20,day_care,pick_up_passenger,drive,y,6
279,15,"35.9132850297775, -84.1668029243156",3/11/2022 17:42,3/11/2022 17:52,21,day_care,pick_up_passenger,stay,y,10
280,15,"35.94602025033053, -84.17324216943369",3/11/2022 17:52,3/12/2022 10:07,22,home,home,drive,n,975
281,15,"35.94602025033053, -84.17324216943369",3/12/2022 10:07,3/12/2022 10:23,23,home,home,stay,n,16
282,15,"35.908390398573516, -84.15609899278486",3/12/2022 10:23,3/12/2022 12:49,24,amusement_center,recreation,drive,y,146
283,15,"35.908390398573516, -84.15609899278486",3/12/2022 12:49,3/12/2022 12:59,25,amusement_center,recreation,stay,y,10
284,15,"35.89449526567934, -84.17468765841959",3/12/2022 12:59,3/12/2022 14:14,26,restaurant,eat,drive,y,75
285,15,"35.89449526567934, -84.17468765841959",3/12/2022 14:14,3/12/2022 14:30,27,restaurant,eat,stay,y,16
286,15,"35.94602025033053, -84.17324216943369",3/12/2022 14:30,3/12/2022 18:00,28,home,home,drive,n,210
287,15,"35.94602025033053, -84.17324216943369",3/12/2022 18:00,3/12/2022 23:59,29,home,home,stay,y,359
288,15,"35.94602025033053, -84.17324216943369",3/12/2022 23:59,,30,home,home,stay,y,0
289,16,"35.94549354065116, -83.93972908766017",3/11/2022 0:00,3/11/2022 6:49,1,hospital,work,stay,y,409
290,16,"35.94549354065116, -83.93972908766017",3/11/2022 6:49,3/11/2022 7:00,2,hospital,work,stay,y,11
291,16,"35.9325322334844, -83.93169671918315",3/11/2022 7:00,3/11/2022 17:12,3,home,home,drive,y,612
292,16,"35.9325322334844, -83.93169671918315",3/11/2022 17:12,3/11/2022 17:32,4,home,home,stay,y,20
293,16,"35.94020188149313, -83.92833584440028",3/11/2022 17:32,3/11/2022 18:01,5,park,recreation,walk,n,29
294,16,"35.94020188149313, -83.92833584440028",3/11/2022 18:01,3/11/2022 18:21,6,park,recreation,stay,n,20
295,16,"35.9325322334844, -83.93169671918315",3/11/2022 18:21,3/11/2022 18:45,7,home,home,walk,n,24
296,16,"35.9325322334844, -83.93169671918315",3/11/2022 18:45,3/11/2022 19:49,8,home,home,stay,n,64
297,16,"35.94549354065116, -83.93972908766017",3/11/2022 19:49,3/12/2022 6:55,9,hospital,work,drive,y,666
298,16,"35.94549354065116, -83.93972908766017",3/12/2022 6:55,3/12/2022 7:07,10,hospital,work,stay,y,12
299,16,"35.9325322334844, -83.93169671918315",3/12/2022 7:07,3/12/2022 23:59,11,home,home,drive,y,1012
300,16,"35.9325322334844, -83.93169671918315",3/12/2022 23:59,,12,home,home,stay,y,0
301,17,"35.93690381227682, -83.92900414814434",3/11/2022 0:00,3/11/2022 5:53,1,home,home,stay,y,353
302,17,"35.93690381227682, -83.92900414814434",3/11/2022 5:53,3/11/2022 6:05,2,home,home,stay,y,12
303,17,"35.94898561126322, -83.93431689911083",3/11/2022 6:05,3/11/2022 7:39,3,gym,recreation,drive,n,94
304,17,"35.94898561126322, -83.93431689911083",3/11/2022 7:39,3/11/2022 7:48,4,gym,recreation,stay,n,9
305,17,"35.940058737301825, -83.94269660660161",3/11/2022 7:48,3/11/2022 17:52,5,school,school,drive,y,604
306,17,"35.940058737301825, -83.94269660660161",3/11/2022 17:52,3/11/2022 18:02,6,school,school,stay,y,10
307,17,"35.93690381227682, -83.92900414814434",3/11/2022 18:02,3/11/2022 21:12,7,home,home,drive,n,190
308,17,"35.93690381227682, -83.92900414814434",3/11/2022 21:12,3/11/2022 21:20,8,home,home,stay,n,8
309,17,"35.94002878078095, -83.94372504217198",3/11/2022 21:20,3/12/2022 10:02,9,hospital,work,drive,y,762
310,17,"35.94002878078095, -83.94372504217198",3/12/2022 10:02,3/12/2022 10:10,10,hospital,work,stay,y,8
311,17,"35.93690381227682, -83.92900414814434",3/12/2022 10:10,3/12/2022 20:00,11,home,home,drive,n,590
312,17,"35.93690381227682, -83.92900414814434",3/12/2022 20:00,3/12/2022 23:59,12,home,home,stay,y,239
313,17,"35.93690381227682, -83.92900414814434",3/12/2022 23:59,,13,home,home,stay,y,0
314,18,"35.950849627349875, -84.12593607676072",3/11/2022 0:00,3/11/2022 8:32,1,home,home,stay,y,512
315,18,"35.950849627349875, -84.12593607676072",3/11/2022 8:32,3/11/2022 8:46,2,home,home,stay,y,14
316,18,"35.93162738943336, -84.18606957405888",3/11/2022 8:46,3/11/2022 18:12,3,store,work,drive,y,566
317,18,"35.93162738943336, -84.18606957405888",3/11/2022 18:12,3/11/2022 18:17,4,store,work,stay,y,5
318,18,"35.93142126113681, -84.18684568997496",3/11/2022 18:17,3/11/2022 19:01,5,store,shop,walk,n,44
319,18,"35.93142126113681, -84.18684568997496",3/11/2022 19:01,3/11/2022 19:15,6,store,shop,stay,n,14
320,18,"35.950849627349875, -84.12593607676072",3/11/2022 19:15,3/12/2022 8:29,7,home,home,drive,y,794
321,18,"35.950849627349875, -84.12593607676072",3/12/2022 8:29,3/12/2022 8:43,8,home,home,stay,y,14
322,18,"35.93162738943336, -84.18606957405888",3/12/2022 8:43,3/12/2022 18:04,9,store,work,drive,y,561
323,18,"35.93162738943336, -84.18606957405888",3/12/2022 18:04,3/12/2022 18:17,10,store,work,stay,y,13
324,18,"35.950849627349875, -84.12593607676072",3/12/2022 18:17,3/12/2022 20:00,11,home,home,drive,n,103
325,18,"35.950849627349875, -84.12593607676072",3/12/2022 20:00,3/12/2022 23:59,12,home,home,stay,y,239
326,18,"35.950849627349875, -84.12593607676072",3/12/2022 23:59,,13,home,home,stay,y,0
327,19,"35.994259708545705, -83.76423809181962",3/11/2022 0:00,3/11/2022 7:12,1,home,home,stay,y,432
328,19,"35.994259708545705, -83.76423809181962",3/11/2022 7:12,3/11/2022 7:31,2,home,home,stay,y,19
329,19,"35.961900218509165, -83.92049729694382",3/11/2022 7:31,3/11/2022 12:31,3,work,work,drive,y,300
330,19,"35.961900218509165, -83.92049729694382",3/11/2022 12:31,3/11/2022 12:34,4,work,work,stay,y,3
331,19,"35.962611592443345, -83.91917435035516",3/11/2022 12:34,3/11/2022 13:17,5,restaurant,eat,walk,y,43
332,19,"35.962611592443345, -83.91917435035516",3/11/2022 13:17,3/11/2022 13:20,6,restaurant,eat,stay,y,3
333,19,"35.961900218509165, -83.92049729694382",3/11/2022 13:20,3/11/2022 18:19,7,work,work,walk,y,299
334,19,"35.961900218509165, -83.92049729694382",3/11/2022 18:19,3/11/2022 18:38,8,work,work,stay,y,19
335,19,"36.005969531915056, -83.77557667970906",3/11/2022 18:38,3/11/2022 19:51,9,restaurant,eat,drive,y,73
336,19,"36.005969531915056, -83.77557667970906",3/11/2022 19:51,3/11/2022 19:59,10,restaurant,eat,stay,y,8
337,19,"35.994259708545705, -83.76423809181962",3/11/2022 19:59,3/12/2022 7:21,11,home,home,drive,y,682
338,19,"35.994259708545705, -83.76423809181962",3/12/2022 7:21,3/12/2022 7:34,12,home,home,stay,y,13
339,19,"36.0274526703567, -83.87675497796043",3/12/2022 7:34,3/12/2022 7:51,13,store,shop,drive,y,17
340,19,"36.0274526703567, -83.87675497796043",3/12/2022 7:51,3/12/2022 7:59,14,store,shop,drive,y,8
341,19,"35.961900218509165, -83.92049729694382",3/12/2022 7:59,3/12/2022 17:41,15,work,work,drive,y,582
342,19,"35.961900218509165, -83.92049729694382",3/12/2022 17:41,3/12/2022 17:59,16,work,work,stay,y,18
343,19,"36.00113653151374, -83.77777505867246",3/12/2022 17:59,3/12/2022 18:07,17,gas,shop,drive,n,8
344,19,"36.00113653151374, -83.77777505867246",3/12/2022 18:07,3/12/2022 18:11,18,gas,shop,stay,n,4
345,19,"35.994259708545705, -83.76423809181962",3/12/2022 18:11,3/12/2022 20:00,19,home,home,drive,n,109
346,19,"35.994259708545705, -83.76423809181962",3/12/2022 20:00,3/12/2022 23:59,20,home,home,stay,y,239
347,19,"35.994259708545705, -83.76423809181962",3/12/2022 23:59,,21,home,home,stay,y,0
348,20,"36.06587066083491, -83.82187474643948",3/11/2022 0:00,3/11/2022 8:00,1,home,home,stay,y,480
349,20,"36.06587066083491, -83.82187474643948",3/11/2022 8:00,3/11/2022 8:09,2,home,home,stay,y,9
350,20,"36.10942368198654, -83.85227208543385",3/11/2022 8:09,3/11/2022 16:32,3,gas,work,drive,y,503
351,20,"36.10942368198654, -83.85227208543385",3/11/2022 16:32,3/11/2022 16:40,4,gas,work,stay,y,8
352,20,"36.11463109151089, -83.85480212789922",3/11/2022 16:40,3/11/2022 16:56,5,restaurant,eat,drive,y,16
353,20,"36.11463109151089, -83.85480212789922",3/11/2022 16:56,3/11/2022 17:00,6,restaurant,eat,stay,y,4
354,20,"36.117692560039615, -83.85506525419399",3/11/2022 17:00,3/11/2022 17:51,7,store,shop,drive,n,51
355,20,"36.117692560039615, -83.85506525419399",3/11/2022 17:51,3/11/2022 18:05,8,store,shop,stay,n,14
356,20,"36.06587066083491, -83.82187474643948",3/11/2022 18:05,3/12/2022 9:34,9,home,home,drive,y,929
357,20,"36.06587066083491, -83.82187474643948",3/12/2022 9:34,3/12/2022 9:50,10,home,home,stay,y,16
358,20,"36.105054015298116, -83.76286057315248",3/12/2022 9:50,3/12/2022 12:34,11,park,recreation,drive,n,164
359,20,"36.105054015298116, -83.76286057315248",3/12/2022 12:34,3/12/2022 12:50,12,park,recreation,stay,n,16
360,20,"36.09432164559234, -83.80161416984595",3/12/2022 12:50,3/12/2022 23:09,13,home_friend,social,drive,y,619
361,20,"36.09432164559234, -83.80161416984595",3/12/2022 23:09,3/12/2022 23:17,14,home_friend,social,stay,y,8
362,20,"36.06587066083491, -83.82187474643948",3/12/2022 23:17,3/12/2022 23:59,15,home,home,drive,y,42
363,20,"36.06587066083491, -83.82187474643948",3/12/2022 23:59,,16,home,home,stay,y,0
364,21,"35.96904440290212, -83.90873425030647",3/11/2022 0:00,3/11/2022 7:45,1,home,home,stay,y,465
365,21,"35.96904440290212, -83.90873425030647",3/11/2022 7:45,3/11/2022 7:59,2,home,home,stay,y,14
366,21,"35.95659206214913, -83.92749054029325",3/11/2022 7:59,3/11/2022 12:32,3,school,work,bike,y,273
367,21,"35.95659206214913, -83.92749054029325",3/11/2022 12:32,3/11/2022 12:38,4,school,work,stay,y,6
368,21,"35.94888562083076, -83.93430065911139",3/11/2022 12:38,3/11/2022 14:02,5,gym,recreation,bike,n,84
369,21,"35.94888562083076, -83.93430065911139",3/11/2022 14:02,3/11/2022 14:20,6,gym,recreation,stay,n,18
370,21,"35.96904440290212, -83.90873425030647",3/11/2022 14:20,3/11/2022 18:12,7,home,home,bike,n,232
371,21,"35.96904440290212, -83.90873425030647",3/11/2022 18:12,3/11/2022 18:30,8,home,home,stay,n,18
372,21,"35.958114517008596, -83.90638018887907",3/11/2022 18:30,3/11/2022 20:52,9,brewery,social,bike,n,142
373,21,"35.958114517008596, -83.90638018887907",3/11/2022 20:52,3/11/2022 21:13,10,brewery,social,stay,n,21
374,21,"35.96904440290212, -83.90873425030647",3/11/2022 21:13,3/12/2022 10:03,11,home,home,bike,y,770
375,21,"35.96904440290212, -83.90873425030647",3/12/2022 10:03,3/12/2022 10:23,12,home,home,stay,y,20
376,21,"35.94888562083076, -83.93430065911139",3/12/2022 10:23,3/12/2022 11:31,13,gym,recreation,bike,n,68
377,21,"35.94888562083076, -83.93430065911139",3/12/2022 11:31,3/12/2022 11:35,14,gym,recreation,stay,n,4
378,21,"35.949983190298795, -83.939644637158",3/12/2022 11:35,3/12/2022 12:15,15,store,shop,bike,n,40
379,21,"35.949983190298795, -83.939644637158",3/12/2022 12:15,3/12/2022 12:37,16,store,shop,stay,n,22
380,21,"35.96904440290212, -83.90873425030647",3/12/2022 12:37,3/12/2022 20:00,17,home,home,bike,n,443
381,21,"35.96904440290212, -83.90873425030647",3/12/2022 20:00,3/12/2022 23:59,18,home,home,stay,y,239
382,21,"35.96904440290212, -83.90873425030647",3/12/2022 23:59,,19,home,home,stay,y,0
383,22,"35.99773728990591, -83.86952510278809",3/11/2022 0:00,3/11/2022 7:23,1,home,home,stay,y,443
384,22,"35.99773728990591, -83.86952510278809",3/11/2022 7:23,3/11/2022 7:27,2,home,home,stay,y,4
385,22,"35.99625107490179, -83.87382933950796",3/11/2022 7:27,3/11/2022 7:30,3,school,drop_off_passenger,walk,y,3
386,22,"35.99625107490179, -83.87382933950796",3/11/2022 7:30,3/11/2022 7:34,4,school,drop_off_passenger,stay,y,4
387,22,"35.99773728990591, -83.86952510278809",3/11/2022 7:34,3/11/2022 7:58,5,home,home,walk,y,24
388,22,"35.86512328422985, -83.93276322021856",3/11/2022 7:58,3/11/2022 17:03,6,work,work,drive,y,545
389,22,"35.86512328422985, -83.93276322021856",3/11/2022 17:03,3/11/2022 17:31,7,work,work,stay,y,28
390,22,"35.99625107490179, -83.87382933950796",3/11/2022 17:31,3/11/2022 17:36,8,school,drop_off_passenger,drive,y,5
391,22,"35.99625107490179, -83.87382933950796",3/11/2022 17:36,3/11/2022 17:39,9,school,drop_off_passenger,stay,y,3
392,22,"35.99773728990591, -83.86952510278809",3/11/2022 17:39,3/12/2022 7:25,10,home,home,drive,y,826
393,22,"35.99773728990591, -83.86952510278809",3/12/2022 7:25,3/12/2022 7:30,11,home,home,stay,y,5
394,22,"35.99723407781678, -83.86456248617294",3/12/2022 7:30,3/12/2022 7:54,12,home_friend,drop_off_passenger,drive,y,24
395,22,"35.86512328422985, -83.93276322021856",3/12/2022 7:54,3/12/2022 17:01,13,work,work,drive,y,547
396,22,"35.86512328422985, -83.93276322021856",3/12/2022 17:01,3/12/2022 17:29,14,work,work,stay,y,28
397,22,"35.99723407781678, -83.86456248617294",3/12/2022 17:29,3/12/2022 17:36,15,home_friend,pick_up_passenger,drive,y,7
398,22,"36.000286907073495, -83.87432378032476",3/12/2022 17:36,3/12/2022 18:24,16,restaurant,eat,drive,y,48
399,22,"36.000286907073495, -83.87432378032476",3/12/2022 18:24,3/12/2022 18:32,17,restaurant,eat,stay,y,8
400,22,"35.99773728990591, -83.86952510278809",3/12/2022 18:32,3/12/2022 19:00,18,home,home,drive,n,28
401,22,"35.99773728990591, -83.86952510278809",3/12/2022 19:00,3/12/2022 23:59,19,home,home,stay,y,299
402,22,"35.99773728990591, -83.86952510278809",3/12/2022 23:59,,20,home,home,stay,y,0
403,23,"35.87239543671355, -83.89043649218131",3/11/2022 0:00,3/12/2022 23:59,1,home,home,stay,y,2879
404,23,"35.87239543671355, -83.89043649218131",3/12/2022 23:59,,2,home,home,stay,y,0
405,24,"35.94777234795787, -83.98895316034631",3/11/2022 0:00,3/11/2022 9:34,1,home,home,stay,y,574
406,24,"35.94777234795787, -83.98895316034631",3/11/2022 9:34,3/11/2022 9:48,2,home,home,stay,y,14
407,24,"35.953329866253036, -83.92397534011542",3/11/2022 9:48,3/11/2022 9:55,3,parking_lot,travel,drive,y,7
408,24,"35.957876613964, -83.92406944406133",3/11/2022 9:55,3/11/2022 16:12,4,school,school,walk,y,377
409,24,"35.957876613964, -83.92406944406133",3/11/2022 16:12,3/11/2022 16:32,5,school,school,stay,y,20
410,24,"35.92514482704654, -84.05351799304097",3/11/2022 16:32,3/11/2022 23:05,6,restaurant,work,drive,y,393
411,24,"35.92514482704654, -84.05351799304097",3/11/2022 23:05,3/11/2022 23:20,7,restaurant,work,stay,y,15
412,24,"35.94777234795787, -83.98895316034631",3/11/2022 23:20,3/12/2022 10:32,8,home,home,drive,y,672
413,24,"35.94777234795787, -83.98895316034631",3/12/2022 10:32,3/12/2022 10:44,9,home,home,stay,y,12
414,24,"35.92514482704654, -84.05351799304097",3/12/2022 10:44,3/12/2022 23:20,10,restaurant,work,drive,y,756
415,24,"35.92514482704654, -84.05351799304097",3/12/2022 23:20,3/12/2022 23:34,11,restaurant,work,stay,y,14
416,24,"35.94777234795787, -83.98895316034631",3/12/2022 23:34,3/12/2022 23:59,12,home,home,drive,y,25
417,24,"35.94777234795787, -83.98895316034631",3/12/2022 23:59,,13,home,home,stay,y,0
418,25,"35.96452083048324, -83.9011506965297",3/11/2022 0:00,3/11/2022 7:34,1,home,home,stay,y,454
419,25,"35.96452083048324, -83.9011506965297",3/11/2022 7:34,3/11/2022 8:08,2,home,home,stay,y,34
420,25,"35.96515728089114, -83.91805638074025",3/11/2022 8:08,3/11/2022 11:49,3,store,shop,walk,n,221
421,25,"35.96515728089114, -83.91805638074025",3/11/2022 11:49,3/11/2022 12:12,4,store,shop,stay,n,23
422,25,"35.9709998740876, -83.9245873991788",3/11/2022 12:12,3/11/2022 12:49,5,social_services,eat,walk,y,37
423,25,"35.9709998740876, -83.9245873991788",3/11/2022 12:49,3/11/2022 13:11,6,social_services,eat,stay,y,22
424,25,"35.966986612263064, -83.91451667712109",3/11/2022 13:11,3/11/2022 17:49,7,park,recreation,walk,n,278
425,25,"35.966986612263064, -83.91451667712109",3/11/2022 17:49,3/11/2022 17:57,8,park,recreation,stay,n,8
426,25,"35.97016194904748, -83.91487489391939",3/11/2022 17:57,3/11/2022 18:22,9,gas,eat,walk,y,25
427,25,"35.97016194904748, -83.91487489391939",3/11/2022 18:22,3/11/2022 18:31,10,gas,eat,stay,y,9
428,25,"35.97242965506016, -83.92073513732421",3/11/2022 18:31,3/12/2022 8:49,11,home,home,walk,y,858
429,25,"35.97242965506016, -83.92073513732421",3/12/2022 8:49,3/12/2022 8:56,12,home,home,stay,y,7
430,25,"35.969965005072844, -83.9242553735807",3/12/2022 8:56,3/12/2022 9:09,13,store,shop,walk,n,13
431,25,"35.969965005072844, -83.9242553735807",3/12/2022 9:09,3/12/2022 9:55,14,store,shop,stay,n,46
432,25,"35.992436576991786, -83.9216391036381",3/12/2022 9:55,3/12/2022 11:29,15,store,shop,walk,n,94
433,25,"35.992436576991786, -83.9216391036381",3/12/2022 11:29,3/12/2022 11:59,16,store,shop,stay,n,30
434,25,"35.97536982593799, -83.91852705133597",3/12/2022 11:59,3/12/2022 19:00,17,home,home,walk,n,421
435,25,"35.97536982593799, -83.91852705133597",3/12/2022 19:00,3/12/2022 23:59,18,home,home,stay,y,299
436,25,"35.97536982593799, -83.91852705133597",3/12/2022 23:59,,19,home,home,stay,y,0
437,26,"35.96327099347254, -83.91946354020544",3/11/2022 0:00,3/11/2022 9:31,1,home,home,stay,y,571
438,26,"35.96327099347254, -83.91946354020544",3/11/2022 9:31,3/11/2022 9:49,2,home,home,stay,y,18
439,26,"35.97306894572574, -83.9241973164557",3/11/2022 9:49,3/11/2022 14:02,3,social_services,work,walk,y,253
440,26,"35.97306894572574, -83.9241973164557",3/11/2022 14:02,3/11/2022 14:13,4,social_services,work,stay,y,11
441,26,"35.97627824696155, -83.93702350213626",3/11/2022 14:13,3/11/2022 14:24,5,store,shop,walk,n,11
442,26,"35.97627824696155, -83.93702350213626",3/11/2022 14:24,3/11/2022 14:35,6,store,shop,stay,n,11
443,26,"35.97306894572574, -83.9241973164557",3/11/2022 14:35,3/11/2022 17:02,7,social_services,work,walk,y,147
444,26,"35.97306894572574, -83.9241973164557",3/11/2022 17:02,3/11/2022 17:23,8,social_services,work,stay,y,21
445,26,"35.96133600688775, -83.92409639086178",3/11/2022 17:23,3/11/2022 18:43,9,park,recreation,walk,n,80
446,26,"35.96133600688775, -83.92409639086178",3/11/2022 18:43,3/11/2022 18:49,10,park,recreation,stay,n,6
447,26,"35.96327099347254, -83.91946354020544",3/11/2022 18:49,3/12/2022 10:11,11,home,home,walk,y,922
448,26,"35.96327099347254, -83.91946354020544",3/12/2022 10:11,3/12/2022 10:29,12,home,home,stay,y,18
449,26,"35.95534164755137, -83.92505115558552",3/12/2022 10:29,3/12/2022 14:42,13,stadium,social,walk,n,253
450,26,"35.95534164755137, -83.92505115558552",3/12/2022 14:42,3/12/2022 15:01,14,stadium,social,stay,n,19
451,26,"35.96327099347254, -83.91946354020544",3/12/2022 15:01,3/12/2022 18:00,15,home,home,walk,n,179
452,26,"35.96327099347254, -83.91946354020544",3/12/2022 18:00,3/12/2022 23:59,16,home,home,stay,y,359
453,26,"35.96327099347254, -83.91946354020544",3/12/2022 23:59,,17,home,home,stay,y,0
454,27,"36.09956007582749, -84.00723552566932",3/11/2022 0:00,3/11/2022 6:44,1,home,home,stay,y,404
455,27,"36.09956007582749, -84.00723552566932",3/11/2022 6:44,3/11/2022 7:05,2,home,home,stay,y,21
456,27,"36.005097674818145, -84.02218974857222",3/11/2022 7:05,3/11/2022 8:25,3,store,shop,drive,n,80
457,27,"36.005097674818145, -84.02218974857222",3/11/2022 8:25,3/11/2022 8:47,4,store,shop,stay,n,22
458,27,"36.09956007582749, -84.00723552566932",3/11/2022 8:47,3/12/2022 23:59,5,home,home,drive,y,2352
459,27,"36.09956007582749, -84.00723552566932",3/12/2022 23:59,,6,home,home,stay,y,0
460,28,"35.95237388928391, -83.89608744438911",3/11/2022 0:00,3/11/2022 8:23,1,home,home,stay,y,503
461,28,"35.95237388928391, -83.89608744438911",3/11/2022 8:23,3/11/2022 8:37,2,home,home,stay,y,14
462,28,"35.94712794027959, -83.90179897690244",3/11/2022 8:37,3/11/2022 9:00,3,school,drop_off_passenger,walk,y,23
463,28,"35.93965700733991, -83.90876964030856",3/11/2022 9:00,3/11/2022 11:25,4,blood_donation_center,work,walk,y,145
464,28,"35.93965700733991, -83.90876964030856",3/11/2022 11:25,3/11/2022 11:31,5,blood_donation_center,work,stay,y,6
465,28,"35.935282564987205, -83.90693159049854",3/11/2022 11:31,3/11/2022 12:11,6,store,shop,walk,n,40
466,28,"35.935282564987205, -83.90693159049854",3/11/2022 12:11,3/11/2022 12:31,7,store,shop,stay,n,20
467,28,"35.94939693515925, -83.88791881636881",3/11/2022 12:31,3/11/2022 13:33,8,restaurant,eat,walk,y,62
468,28,"35.94939693515925, -83.88791881636881",3/11/2022 13:33,3/11/2022 13:45,9,restaurant,eat,stay,y,12
469,28,"35.95237388928391, -83.89608744438911",3/11/2022 13:45,3/11/2022 14:11,10,home,home,walk,n,26
470,28,"35.95237388928391, -83.89608744438911",3/11/2022 14:11,3/11/2022 14:26,11,home,home,stay,n,15
471,28,"35.94712794027959, -83.90179897690244",3/11/2022 14:26,3/11/2022 14:32,12,school,pick_up_passenger,walk,y,6
472,28,"35.94712794027959, -83.90179897690244",3/11/2022 14:32,3/11/2022 14:49,13,school,pick_up_passenger,stay,y,17
473,28,"35.95237388928391, -83.89608744438911",3/11/2022 14:49,3/12/2022 8:34,14,home,home,walk,y,1065
474,28,"35.95237388928391, -83.89608744438911",3/12/2022 8:34,3/12/2022 8:37,15,home,home,stay,y,3
475,28,"35.95179301612064, -83.89500748541928",3/12/2022 8:37,3/12/2022 10:53,16,park,recreation,walk,n,136
476,28,"35.95179301612064, -83.89500748541928",3/12/2022 10:53,3/12/2022 11:00,17,park,recreation,stay,n,7
477,28,"35.95237388928391, -83.89608744438911",3/12/2022 11:00,3/12/2022 23:59,18,home,home,walk,n,779
478,28,"35.95237388928391, -83.89608744438911",3/12/2022 11:00,3/12/2022 17:00,19,home,home,stay,y,360
479,28,"35.95237388928391, -83.89608744438911",3/12/2022 17:00,,20,home,home,stay,y,0
480,29,"36.157403740335916, -83.92249127159597",3/11/2022 0:00,3/11/2022 10:00,1,home,home,stay,y,600
481,29,"36.157403740335916, -83.92249127159597",3/11/2022 10:00,3/11/2022 15:51,2,home,home,stay,n,351
482,29,"36.157403740335916, -83.92249127159597",3/11/2022 15:51,3/11/2022 16:26,3,home,home,stay,y,35
483,29,"36.00229628261446, -83.88303833187346",3/11/2022 16:26,3/11/2022 21:31,4,work,work,drive,y,305
484,29,"36.00229628261446, -83.88303833187346",3/11/2022 21:31,3/11/2022 22:02,5,work,work,stay,y,31
485,29,"36.157403740335916, -83.92249127159597",3/11/2022 22:02,3/12/2022 9:02,6,home,home,stay,y,660
486,29,"36.157403740335916, -83.92249127159597",3/12/2022 9:02,3/12/2022 9:15,7,home,home,stay,y,13
487,29,"36.08766236099864, -83.92323449237783",3/12/2022 9:15,3/12/2022 10:41,8,restaurant,eat,drive,y,86
488,29,"36.08766236099864, -83.92323449237783",3/12/2022 10:41,3/12/2022 10:55,9,restaurant,eat,stay,y,14
489,29,"36.08886576304994, -83.93883897412212",3/12/2022 10:55,3/12/2022 12:03,10,store,shop,drive,n,68
490,29,"36.08886576304994, -83.93883897412212",3/12/2022 12:03,3/12/2022 12:20,11,store,shop,drive,n,17
491,29,"36.157403740335916, -83.92249127159597",3/12/2022 12:20,3/12/2022 19:00,12,home,home,stay,n,400
492,29,"36.157403740335916, -83.92249127159597",3/12/2022 19:00,3/12/2022 23:59,13,home,home,stay,y,299
493,29,"36.157403740335916, -83.92249127159597",3/12/2022 23:59,,14,home,home,stay,y,0
494,30,"35.90842520236847, -84.23378332412008",3/11/2022 0:00,3/11/2022 7:12,1,home,home,stay,y,432
495,30,"35.90842520236847, -84.23378332412008",3/11/2022 7:12,3/11/2022 7:24,2,home,home,stay,y,12
496,30,"35.93553684599415, -84.1438470636229",3/11/2022 7:24,3/11/2022 7:58,3,cafe,eat,drive,y,34
497,30,"35.93553684599415, -84.1438470636229",3/11/2022 7:58,3/11/2022 8:18,4,cafe,eat,stay,y,20
498,30,"35.85560835945258, -84.14667941271449",3/11/2022 8:18,3/11/2022 9:51,5,park,recreation,drive,n,93
499,30,"35.85560835945258, -84.14667941271449",3/11/2022 9:51,3/11/2022 10:01,6,park,recreation,stay,n,10
500,30,"35.87300614962788, -84.16340223553394",3/11/2022 10:01,3/11/2022 13:49,7,home_friend,social,drive,y,228
501,30,"35.87300614962788, -84.16340223553394",3/11/2022 13:49,3/11/2022 14:07,8,home_friend,social,stay,y,18
502,30,"35.90842520236847, -84.23378332412008",3/11/2022 14:07,3/11/2022 19:00,9,home,home,stay,n,293
503,30,"35.90842520236847, -84.23378332412008",3/11/2022 19:00,3/12/2022 9:42,10,home,home,drive,y,882
504,30,"35.90842520236847, -84.23378332412008",3/12/2022 9:42,3/12/2022 9:50,11,home,home,stay,y,8
505,30,"35.931416369367106, -84.18675606881162",3/12/2022 9:50,3/12/2022 10:34,12,store,shop,drive,n,44
506,30,"35.931416369367106, -84.18675606881162",3/12/2022 10:34,3/12/2022 10:43,13,store,shop,stay,n,9
507,30,"35.90842520236847, -84.23378332412008",3/12/2022 10:43,3/12/2022 19:00,14,home,home,drive,n,497
508,30,"35.90842520236847, -84.23378332412008",3/12/2022 19:00,3/12/2022 23:59,15,home,home,stay,y,299
509,30,"35.90842520236847, -84.23378332412008",3/12/2022 23:59,,16,home,home,stay,y,0
510,31,"35.93022560676609, -83.7645624397223",3/11/2022 0:00,3/11/2022 9:37,1,home,home,stay,y,577
511,31,"35.93022560676609, -83.7645624397223",3/11/2022 9:37,3/11/2022 9:42,2,home,home,stay,y,5
512,31,"35.93669809150262, -83.74993754294303",3/11/2022 9:42,3/11/2022 11:37,3,school,school,drive,y,115
513,31,"35.93669809150262, -83.74993754294303",3/11/2022 11:37,3/11/2022 11:41,4,school,school,stay,y,4
514,31,"35.93022560676609, -83.7645624397223",3/11/2022 11:41,3/11/2022 12:36,5,home,home,stay,n,55
515,31,"35.93022560676609, -83.7645624397223",3/11/2022 12:36,3/11/2022 12:43,6,home,home,stay,n,7
516,31,"35.94442243585746, -83.82437203958855",3/11/2022 12:43,3/11/2022 16:51,7,cafe,work,drive,y,248
517,31,"35.94442243585746, -83.82437203958855",3/11/2022 16:51,3/11/2022 17:23,8,cafe,work,stay,y,32
518,31,"35.971008133852145, -83.91748637497538",3/11/2022 17:23,3/11/2022 21:41,9,restaurant,eat,drive,y,258
519,31,"35.971008133852145, -83.91748637497538",3/11/2022 21:41,3/11/2022 22:05,10,restaurant,eat,stay,y,24
520,31,"35.93022560676609, -83.7645624397223",3/11/2022 22:05,3/12/2022 8:11,11,home,home,drive,y,606
521,31,"35.93022560676609, -83.7645624397223",3/12/2022 8:11,3/12/2022 8:21,12,home,home,stay,y,10
522,31,"35.94498006006895, -83.69764406077883",3/12/2022 8:21,3/12/2022 15:12,13,park,recreation,drive,n,411
523,31,"35.94498006006895, -83.69764406077883",3/12/2022 15:12,3/12/2022 15:23,14,park,recreation,stay,n,11
524,31,"35.93022560676609, -83.7645624397223",3/12/2022 15:23,3/12/2022 19:00,15,home,home,drive,n,217
525,31,"35.93022560676609, -83.7645624397223",3/12/2022 19:00,3/12/2022 23:59,16,home,home,stay,y,299
526,31,"35.93022560676609, -83.7645624397223",3/12/2022 23:59,,17,home,home,stay,y,0
527,32,"36.05369319707745, -83.99765422209707",3/11/2022 0:00,3/11/2022 7:04,1,hospital,work,stay,y,424
528,32,"36.05369319707745, -83.99765422209707",3/11/2022 7:04,3/11/2022 7:26,2,hospital,work,stay,y,22
529,32,"36.08377763910334, -83.88272721540962",3/11/2022 7:26,3/11/2022 17:00,3,home,home,drive,y,574
530,32,"36.08377763910334, -83.88272721540962",3/11/2022 17:00,3/11/2022 18:12,4,home,home,stay,n,72
531,32,"36.08377763910334, -83.88272721540962",3/11/2022 18:12,3/11/2022 18:28,5,home,home,stay,n,16
532,32,"36.08104604068834, -83.92434047480825",3/11/2022 18:28,3/11/2022 18:41,6,store,shop,drive,n,13
533,32,"36.08104604068834, -83.92434047480825",3/11/2022 18:41,3/11/2022 18:55,7,store,shop,stay,n,14
534,32,"36.05369319707745, -83.99765422209707",3/11/2022 18:55,3/12/2022 7:12,8,hospital,work,drive,y,737
535,32,"36.05369319707745, -83.99765422209707",3/12/2022 7:12,3/12/2022 7:35,9,hospital,work,stay,y,23
536,32,"36.08377763910334, -83.88272721540962",3/12/2022 7:35,3/12/2022 18:00,10,home,home,drive,n,625
537,32,"36.08377763910334, -83.88272721540962",3/12/2022 18:00,3/12/2022 21:00,11,home,home,stay,n,180
538,32,"36.08377763910334, -83.88272721540962",3/12/2022 21:00,3/12/2022 23:59,11,home,home,stay,y,179
539,32,"36.08377763910334, -83.88272721540962",3/12/2022 23:59,,12,home,home,stay,y,0
540,33,"35.9549664159807, -84.04710880848273",3/11/2022 0:00,3/11/2022 7:20,1,home,home,stay,y,440
541,33,"35.9549664159807, -84.04710880848273",3/11/2022 7:20,3/11/2022 7:27,2,home,home,stay,y,7
542,33,"35.95017187231055, -84.02387110396579",3/11/2022 7:27,3/11/2022 16:33,3,work,work,drive,y,546
543,33,"35.95017187231055, -84.02387110396579",3/11/2022 16:33,3/11/2022 16:38,4,work,work,stay,y,5
544,33,"35.948572706962494, -84.01516073327379",3/11/2022 16:38,3/11/2022 16:51,5,post_office,personal,drive,y,13
545,33,"35.948572706962494, -84.01516073327379",3/11/2022 16:51,3/11/2022 17:03,6,post_office,personal,stay,y,12
546,33,"35.9549664159807, -84.04710880848273",3/11/2022 17:03,3/11/2022 18:00,7,home,home,drive,n,57
547,33,"35.9549664159807, -84.04710880848273",3/11/2022 18:00,3/12/2022 8:51,8,home,home,stay,y,891
548,33,"35.9549664159807, -84.04710880848273",3/12/2022 8:51,3/12/2022 9:07,9,home,home,stay,y,16
549,33,"35.92343315270201, -84.04989144333047",3/12/2022 9:07,3/12/2022 10:13,10,store,shop,drive,n,66
550,33,"35.92343315270201, -84.04989144333047",3/12/2022 10:13,3/12/2022 10:26,11,store,shop,stay,n,13
551,33,"35.9549664159807, -84.04710880848273",3/12/2022 10:26,3/12/2022 17:00,12,home,home,drive,n,394
552,33,"35.9549664159807, -84.04710880848273",3/12/2022 17:00,3/12/2022 23:59,13,home,home,stay,y,419
553,33,"35.9549664159807, -84.04710880848273",3/12/2022 23:59,,14,home,home,stay,y,0
554,34,"35.947741976815564, -84.05573723262471",3/11/2022 0:00,3/11/2022 7:42,1,home,home,stay,y,462
555,34,"35.947741976815564, -84.05573723262471",3/11/2022 7:42,3/11/2022 7:59,2,home,home,stay,y,17
556,34,"35.96451496058498, -83.92443284716302",3/11/2022 7:59,3/11/2022 14:32,3,school,school,drive,y,393
557,34,"35.96451496058498, -83.92443284716302",3/11/2022 14:32,3/11/2022 14:50,4,school,school,stay,y,18
558,34,"35.94046842046591, -83.98561998954285",3/11/2022 14:50,3/11/2022 21:05,5,cafe,work,drive,y,375
559,34,"35.94046842046591, -83.98561998954285",3/11/2022 21:05,3/11/2022 21:15,6,cafe,work,stay,y,10
560,34,"35.947741976815564, -84.05573723262471",3/11/2022 21:15,3/12/2022 7:50,7,home,home,stay,y,635
561,34,"35.947741976815564, -84.05573723262471",3/12/2022 7:50,3/12/2022 8:06,8,home,home,stay,y,16
562,34,"35.94923212585874, -83.93634949532394",3/12/2022 8:06,3/12/2022 11:11,9,gym,recreation,drive,n,185
563,34,"35.94923212585874, -83.93634949532394",3/12/2022 11:11,3/12/2022 11:24,10,gym,recreation,stay,n,13
564,34,"35.94046842046591, -83.98561998954285",3/12/2022 11:24,3/12/2022 17:31,11,cafe,work,drive,y,367
565,34,"35.94046842046591, -83.98561998954285",3/12/2022 17:31,3/12/2022 17:49,12,cafe,work,stay,y,18
566,34,"35.9438346639768, -84.08279565844231",3/12/2022 17:49,3/12/2022 18:32,13,cafe,social,drive,y,43
567,34,"35.9438346639768, -84.08279565844231",3/12/2022 18:32,3/12/2022 18:50,14,cafe,social,stay,y,18
568,34,"35.88331196014737, -84.18235079695832",3/12/2022 18:50,3/12/2022 21:37,15,home_friend,social,drive,y,167
569,34,"35.88331196014737, -84.18235079695832",3/12/2022 21:37,3/12/2022 21:58,16,home_friend,social,stay,y,21
570,34,"35.947741976815564, -84.05573723262471",3/12/2022 21:58,3/12/2022 23:59,17,home,home,drive,y,121
571,34,"35.947741976815564, -84.05573723262471",3/12/2022 23:59,,18,home,home,stay,y,0
572,35,"35.9369281043457, -84.2037855202808",3/11/2022 0:00,3/11/2022 7:41,1,home,home,stay,y,461
573,35,"35.9369281043457, -84.2037855202808",3/11/2022 7:41,3/11/2022 7:48,2,home,home,stay,y,7
574,35,"35.947714762980354, -84.1669464119227",3/11/2022 7:48,3/11/2022 11:32,3,school,school,drive,y,224
575,35,"35.947714762980354, -84.1669464119227",3/11/2022 11:32,3/11/2022 11:52,4,school,school,stay,y,20
576,35,"35.93388538798507, -84.01459531609899",3/11/2022 11:52,3/11/2022 16:12,5,work,work,drive,y,260
577,35,"35.93388538798507, -84.01459531609899",3/11/2022 16:12,3/11/2022 16:25,6,work,work,stay,y,13
578,35,"35.982670470655826, -83.9930337423022",3/11/2022 16:25,3/11/2022 18:48,7,park,recreation,drive,n,143
579,35,"35.982670470655826, -83.9930337423022",3/11/2022 18:48,3/11/2022 18:55,8,park,recreation,stay,n,7
580,35,"35.97803460671031, -84.01303908455972",3/11/2022 18:55,3/11/2022 19:59,9,restaurant,eat,drive,y,64
581,35,"35.97803460671031, -84.01303908455972",3/11/2022 19:59,3/11/2022 20:23,10,restaurant,eat,stay,y,24
582,35,"35.9369281043457, -84.2037855202808",3/11/2022 20:23,3/12/2022 7:32,11,home,home,drive,y,669
583,35,"35.9369281043457, -84.2037855202808",3/12/2022 7:32,3/12/2022 7:47,12,home,home,stay,y,15
584,35,"35.90789717052123, -84.14793976068307",3/12/2022 7:47,3/12/2022 17:03,13,work,work,drive,y,556
585,35,"35.90789717052123, -84.14793976068307",3/12/2022 17:03,3/12/2022 17:17,14,work,work,stay,y,14
586,35,"35.9369281043457, -84.2037855202808",3/12/2022 17:17,3/12/2022 21:00,15,home,home,drive,n,223
587,35,"35.9369281043457, -84.2037855202808",3/12/2022 21:00,3/12/2022 23:59,16,home,home,stay,y,179
588,35,"35.9369281043457, -84.2037855202808",3/12/2022 23:59,,17,home,home,stay,y,0
589,36,"36.032695393948124, -83.92257534693344",3/11/2022 0:00,3/11/2022 7:24,1,home,home,stay,y,444
590,36,"36.032695393948124, -83.92257534693344",3/11/2022 7:24,3/11/2022 7:30,2,home,home,stay,y,6
591,36,"36.01529112846121, -83.91651117686482",3/11/2022 7:30,3/11/2022 7:47,3,school,drop_off_passenger,drive,y,17
592,36,"36.02144698628057, -84.00079444723887",3/11/2022 7:47,3/11/2022 16:03,4,work,work,drive,y,496
593,36,"36.02144698628057, -84.00079444723887",3/11/2022 16:03,3/11/2022 16:23,5,work,work,stay,y,20
594,36,"36.01529112846121, -83.91651117686482",3/11/2022 16:23,3/11/2022 16:30,6,school,pick_up_passenger,drive,y,7
595,36,"36.032695393948124, -83.92257534693344",3/11/2022 16:30,3/11/2022 17:41,7,home,home,drive,n,71
596,36,"36.032695393948124, -83.92257534693344",3/11/2022 17:41,3/11/2022 17:55,8,home,home,stay,n,14
597,36,"35.97800845461909, -83.90797976203744",3/11/2022 17:55,3/11/2022 20:03,9,school,school,drive,y,128
598,36,"35.97800845461909, -83.90797976203744",3/11/2022 20:03,3/11/2022 20:15,10,school,school,drive,y,12
599,36,"36.032695393948124, -83.92257534693344",3/11/2022 20:15,3/12/2022 7:41,11,home,home,drive,y,686
600,36,"36.032695393948124, -83.92257534693344",3/12/2022 7:41,3/12/2022 7:58,12,home,home,stay,y,17
601,36,"36.02144698628057, -84.00079444723887",3/12/2022 7:58,3/12/2022 16:01,13,work,work,drive,y,483
602,36,"36.02144698628057, -84.00079444723887",3/12/2022 16:01,3/12/2022 16:21,14,work,work,stay,y,20
603,36,"36.03276716149547, -83.93164464823444",3/12/2022 16:21,3/12/2022 16:49,15,store,shop,drive,n,28
604,36,"36.03276716149547, -83.93164464823444",3/12/2022 16:49,3/12/2022 16:57,16,store,shop,stay,n,8
605,36,"36.032695393948124, -83.92257534693344",3/12/2022 16:57,3/12/2022 18:00,17,home,home,drive,n,63
606,36,"36.032695393948124, -83.92257534693344",3/12/2022 18:00,3/12/2022 23:59,18,home,home,stay,y,359
607,36,"36.032695393948124, -83.92257534693344",3/12/2022 23:59,,19,home,home,stay,y,0
608,37,"35.954221742787496, -83.94942411954968",3/11/2022 0:00,3/11/2022 7:41,1,home,home,stay,y,461
609,37,"35.954221742787496, -83.94942411954968",3/11/2022 7:41,3/11/2022 7:51,2,home,home,stay,y,10
610,37,"35.94836371623731, -83.9728880915478",3/11/2022 7:51,3/11/2022 8:02,3,school,drop_off_passenger,drive,y,11
611,37,"35.954221742787496, -83.94942411954968",3/11/2022 8:02,3/11/2022 11:41,4,home,home,drive,n,219
612,37,"35.954221742787496, -83.94942411954968",3/11/2022 11:41,3/11/2022 11:57,5,home,home,stay,n,16
613,37,"35.94587244632644, -83.91231375381489",3/11/2022 11:57,3/11/2022 14:12,6,work,work,drive,y,135
614,37,"35.94587244632644, -83.91231375381489",3/11/2022 14:12,3/11/2022 14:28,7,work,work,stay,y,16
615,37,"35.94836371623731, -83.9728880915478",3/11/2022 14:28,3/11/2022 14:36,8,school,pick_up_passenger,drive,y,8
616,37,"35.954221742787496, -83.94942411954968",3/11/2022 14:36,3/11/2022 14:53,9,home,drop_off_passenger,drive,y,17
617,37,"35.94587244632644, -83.91231375381489",3/11/2022 14:53,3/11/2022 20:09,10,work,work,drive,y,316
618,37,"35.94587244632644, -83.91231375381489",3/11/2022 20:09,3/11/2022 20:28,11,work,work,stay,y,19
619,37,"35.954221742787496, -83.94942411954968",3/11/2022 20:28,3/12/2022 9:47,12,home,home,drive,y,799
620,37,"35.954221742787496, -83.94942411954968",3/12/2022 9:47,3/12/2022 10:03,13,home,home,stay,y,16
621,37,"35.92720793451492, -84.06022528523667",3/12/2022 10:03,3/12/2022 11:16,14,store,shop,drive,n,73
622,37,"35.92720793451492, -84.06022528523667",3/12/2022 11:16,3/12/2022 11:33,15,store,shop,stay,n,17
623,37,"35.954221742787496, -83.94942411954968",3/12/2022 11:33,3/12/2022 11:43,16,home,home,drive,n,10
624,37,"35.954221742787496, -83.94942411954968",3/12/2022 11:43,3/12/2022 12:00,17,home,home,stay,n,17
625,37,"35.94587244632644, -83.91231375381489",3/12/2022 12:00,3/12/2022 21:23,18,work,work,drive,y,563
626,37,"35.94587244632644, -83.91231375381489",3/12/2022 21:23,3/12/2022 21:35,19,work,work,stay,y,12
627,37,"35.96568867644237, -83.91957064256098",3/12/2022 21:35,3/12/2022 23:59,20,pub,social,drive,y,144
628,37,"35.96568867644237, -83.91957064256098",3/12/2022 23:59,,21,pub,social,stay,y,0
629,38,"35.917564376368006, -83.80891358528515",3/11/2022 0:00,3/11/2022 8:42,1,home,home,stay,y,522
630,38,"35.917564376368006, -83.80891358528515",3/11/2022 8:42,3/11/2022 8:49,2,home,home,stay,y,7
631,38,"35.934468548422565, -83.7921705024002",3/11/2022 8:49,3/11/2022 20:14,3,store,work,drive,y,685
632,38,"35.934468548422565, -83.7921705024002",3/11/2022 20:14,3/11/2022 20:20,4,store,work,stay,y,6
633,38,"35.917564376368006, -83.80891358528515",3/11/2022 20:20,3/12/2022 8:45,5,home,home,drive,y,745
634,38,"35.917564376368006, -83.80891358528515",3/12/2022 8:45,3/12/2022 8:53,6,home,home,stay,y,8
635,38,"35.934468548422565, -83.7921705024002",3/12/2022 8:53,3/12/2022 19:56,7,store,work,drive,y,663
636,38,"35.934468548422565, -83.7921705024002",3/12/2022 19:56,3/12/2022 20:03,8,store,work,stay,y,7
637,38,"35.917564376368006, -83.80891358528515",3/12/2022 20:03,3/12/2022 21:00,9,home,home,drive,n,57
638,38,"35.917564376368006, -83.80891358528515",3/12/2022 21:00,3/12/2022 23:59,10,home,home,stay,y,179
639,38,"35.917564376368006, -83.80891358528515",3/12/2022 23:59,,11,home,home,stay,y,0
640,39,"35.96953154024083, -83.95690339979127",3/11/2022 0:00,3/11/2022 9:00,1,home,home,stay,y,540
641,39,"35.96953154024083, -83.95690339979127",3/11/2022 9:00,3/11/2022 11:03,2,home,home,stay,n,123
642,39,"35.96953154024083, -83.95690339979127",3/11/2022 11:03,3/11/2022 11:12,3,home,home,stay,y,9
643,39,"35.966442909206904, -83.96163601678136",3/11/2022 11:12,3/11/2022 12:32,4,park,recreation,walk,n,80
644,39,"35.966442909206904, -83.96163601678136",3/11/2022 12:32,3/11/2022 12:40,5,park,recreation,stay,n,8
645,39,"35.96856663222909, -83.95644124617837",3/11/2022 12:40,3/11/2022 16:12,6,church,volunteer,walk,y,212
646,39,"35.96856663222909, -83.95644124617837",3/11/2022 16:12,3/11/2022 16:16,7,church,volunteer,stay,y,4
647,39,"35.96953154024083, -83.95690339979127",3/11/2022 16:16,3/11/2022 18:00,8,home,home,walk,n,104
648,39,"35.96953154024083, -83.95690339979127",3/11/2022 18:00,3/12/2022 10:01,9,home,home,walk,y,961
649,39,"35.96953154024083, -83.95690339979127",3/12/2022 10:01,3/12/2022 10:07,10,home,home,stay,y,6
650,39,"35.96856663222909, -83.95644124617837",3/12/2022 10:07,3/12/2022 14:14,11,church,social,walk,y,247
651,39,"35.96856663222909, -83.95644124617837",3/12/2022 14:14,3/12/2022 14:18,12,church,social,stay,y,4
652,39,"35.96953154024083, -83.95690339979127",3/12/2022 14:18,3/12/2022 17:00,13,home,home,walk,n,162
653,39,"35.96953154024083, -83.95690339979127",3/12/2022 17:00,3/12/2022 23:59,14,home,home,walk,y,419
654,39,"35.96953154024083, -83.95690339979127",3/12/2022 23:59,,15,home,home,stay,y,0
655,40,"36.00093067533453, -83.87007335625529",3/11/2022 0:00,3/11/2022 9:05,1,home,home,stay,y,545
656,40,"36.00093067533453, -83.87007335625529",3/11/2022 9:05,3/11/2022 9:11,2,home,home,stay,y,6
657,40,"35.99994342520699, -83.88829481535173",3/11/2022 9:11,3/11/2022 11:24,3,zoo,recreation,drive,y,133
658,40,"35.99994342520699, -83.88829481535173",3/11/2022 11:24,3/11/2022 11:30,4,zoo,recreation,stay,y,6
659,40,"36.00093067533453, -83.87007335625529",3/11/2022 11:30,3/11/2022 14:02,5,home,home,drive,n,152
660,40,"36.00093067533453, -83.87007335625529",3/11/2022 14:02,3/11/2022 14:15,6,home,home,stay,n,13
661,40,"35.963116449629034, -83.91685370197358",3/11/2022 14:15,3/12/2022 0:15,7,restaurant,work,drive,y,600
662,40,"35.963116449629034, -83.91685370197358",3/12/2022 0:15,3/12/2022 0:25,8,restaurant,work,stay,y,10
663,40,"35.97030498577884, -83.91831392242392",3/12/2022 0:25,3/12/2022 2:05,9,bar,social,drive,y,100
664,40,"35.97030498577884, -83.91831392242392",3/12/2022 2:05,3/12/2022 2:16,10,bar,social,stay,y,11
665,40,"36.00093067533453, -83.87007335625529",3/12/2022 2:16,3/12/2022 11:34,11,home,home,drive,y,558
666,40,"36.00093067533453, -83.87007335625529",3/12/2022 11:34,3/12/2022 12:15,12,home,home,stay,y,41
667,40,"35.9688967836899, -83.9039827260434",3/12/2022 12:15,3/12/2022 13:21,13,park,recreation,walk,n,66
668,40,"36.00093067533453, -83.87007335625529",3/12/2022 13:21,3/12/2022 14:12,14,home,home,walk,n,51
669,40,"36.00093067533453, -83.87007335625529",3/12/2022 14:12,3/12/2022 14:28,15,home,home,stay,n,16
670,40,"35.963116449629034, -83.91685370197358",3/12/2022 14:28,3/12/2022 23:59,16,restaurant,work,drive,y,571
671,40,"35.963116449629034, -83.91685370197358",3/12/2022 23:59,,17,restaurant,work,stay,y,0
672,41,"35.953037008703475, -83.68775968830717",3/11/2022 0:00,3/12/2022 23:59,1,home,home,stay,y,2879
673,41,"35.953037008703475, -83.68775968830717",3/12/2022 23:59,,2,home,home,stay,y,0
674,42,"35.90856419713332, -83.85274062506895",3/11/2022 0:00,3/11/2022 7:23,1,home,home,stay,y,443
675,42,"35.90856419713332, -83.85274062506895",3/11/2022 7:23,3/11/2022 7:29,2,home,home,stay,y,6
676,42,"35.9222359171868, -83.81425090714974",3/11/2022 7:29,3/11/2022 7:33,3,day_care,drop_off_passenger,drive,y,4
677,42,"35.9222359171868, -83.81425090714974",3/11/2022 7:33,3/11/2022 7:50,4,day_care,drop_off_passenger,stay,y,17
678,42,"35.959946976719266, -83.92537829954888",3/11/2022 7:50,3/11/2022 7:56,5,parking_lot,travel,drive,y,6
679,42,"35.957383328483495, -83.92474270072061",3/11/2022 7:56,3/11/2022 12:06,6,school,work,walk,y,250
680,42,"35.957383328483495, -83.92474270072061",3/11/2022 12:06,3/11/2022 12:25,7,school,work,stay,y,19
681,42,"35.95852871293639, -83.91765794682522",3/11/2022 12:25,3/11/2022 12:45,8,park,recreation,walk,n,20
682,42,"35.957383328483495, -83.92474270072061",3/11/2022 12:45,3/11/2022 16:46,9,school,work,walk,y,241
683,42,"35.957383328483495, -83.92474270072061",3/11/2022 16:46,3/11/2022 16:53,10,school,work,stay,y,7
684,42,"35.959946976719266, -83.92537829954888",3/11/2022 16:53,3/11/2022 17:19,11,parking_lot,travel,walk,y,26
685,42,"35.9222359171868, -83.81425090714974",3/11/2022 17:19,3/11/2022 17:24,12,day_care,drop_off_passenger,drive,y,5
686,42,"35.9222359171868, -83.81425090714974",3/11/2022 17:24,3/11/2022 17:31,13,day_care,drop_off_passenger,stay,y,7
687,42,"35.90856419713332, -83.85274062506895",3/11/2022 17:31,3/12/2022 18:30,14,home,home,drive,n,1499
688,42,"35.90856419713332, -83.85274062506895",3/11/2022 18:30,3/12/2022 10:11,15,home,home,stay,y,941
689,42,"35.90856419713332, -83.85274062506895",3/12/2022 10:11,3/12/2022 10:26,15,home,home,stay,y,15
690,42,"35.955068300997084, -83.84819412019742",3/12/2022 10:26,3/12/2022 12:12,16,park,recreation,drive,n,106
691,42,"35.955068300997084, -83.84819412019742",3/12/2022 12:12,3/12/2022 12:20,17,park,recreation,stay,n,8
692,42,"35.956928760301544, -83.81666905786662",3/12/2022 12:20,3/12/2022 13:32,18,restaurant,eat,drive,y,72
693,42,"35.956928760301544, -83.81666905786662",3/12/2022 13:32,3/12/2022 13:37,19,restaurant,eat,stay,y,5
694,42,"35.95283971138762, -83.82973304854313",3/12/2022 13:37,3/12/2022 13:52,20,store,shop,drive,n,15
695,42,"35.95283971138762, -83.82973304854313",3/12/2022 13:52,3/12/2022 14:16,21,store,shop,stay,n,24
696,42,"35.90856419713332, -83.85274062506895",3/12/2022 14:16,3/12/2022 17:00,22,home,home,drive,n,164
697,42,"35.90856419713332, -83.85274062506895",3/12/2022 17:00,3/12/2022 23:59,23,home,home,stay,y,419
698,42,"35.90856419713332, -83.85274062506895",3/12/2022 23:59,,24,home,home,stay,y,0
699,43,"35.97399306515133, -84.13813968922757",3/11/2022 0:00,3/11/2022 7:42,1,home,home,stay,y,462
700,43,"35.97399306515133, -84.13813968922757",3/11/2022 7:42,3/11/2022 8:02,2,home,home,stay,y,20
701,43,"35.96347431177508, -83.9829098030431",3/11/2022 8:02,3/11/2022 8:27,3,work,work,drive,y,25
702,43,"35.96347431177508, -83.9829098030431",3/11/2022 8:27,3/11/2022 8:42,4,work,work,stay,y,15
703,43,"35.966948785011965, -83.90661938926961",3/11/2022 8:42,3/11/2022 11:19,5,work,work,drive,y,157
704,43,"35.966948785011965, -83.90661938926961",3/11/2022 11:19,3/11/2022 11:26,6,work,work,stay,y,7
705,43,"35.98296161508366, -83.90171445088191",3/11/2022 11:26,3/11/2022 12:12,7,restaurant,eat,drive,y,46
706,43,"35.98296161508366, -83.90171445088191",3/11/2022 12:12,3/11/2022 12:21,8,restaurant,eat,stay,y,9
707,43,"36.007704100579765, -83.85002857728524",3/11/2022 12:21,3/11/2022 14:01,9,work,work,drive,y,100
708,43,"36.007704100579765, -83.85002857728524",3/11/2022 14:01,3/11/2022 14:08,10,work,work,stay,y,7
709,43,"36.01642366218085, -83.90221429031236",3/11/2022 14:08,3/11/2022 16:31,11,work,work,drive,y,143
710,43,"36.01642366218085, -83.90221429031236",3/11/2022 16:31,3/11/2022 16:53,12,work,work,stay,y,22
711,43,"35.96347431177508, -83.9829098030431",3/11/2022 16:53,3/11/2022 17:02,13,work,work,drive,y,9
712,43,"35.96347431177508, -83.9829098030431",3/11/2022 17:02,3/11/2022 17:15,14,work,work,stay,y,13
713,43,"35.97399306515133, -84.13813968922757",3/11/2022 17:15,3/11/2022 19:30,15,home,home,drive,y,135
714,43,"35.97399306515133, -84.13813968922757",3/11/2022 19:30,3/11/2022 21:30,16,home,home,stay,n,120
715,43,"35.97399306515133, -84.13813968922757",3/11/2022 21:30,3/12/2022 9:49,17,home,home,stay,y,739
716,43,"35.97951893002408, -84.13365808381782",3/12/2022 9:49,3/12/2022 12:47,18,park,recreation,drive,n,178
717,43,"35.97951893002408, -84.13365808381782",3/12/2022 12:47,3/12/2022 12:56,19,park,recreation,stay,n,9
718,43,"35.981233062299744, -84.18330382968868",3/12/2022 12:56,3/12/2022 13:32,20,restaurant,eat,drive,y,36
719,43,"35.981233062299744, -84.18330382968868",3/12/2022 13:32,3/12/2022 13:35,21,restaurant,eat,stay,y,3
720,43,"35.980408481466895, -84.18218728668768",3/12/2022 13:35,3/12/2022 13:42,22,gas,shop,drive,n,7
721,43,"35.980408481466895, -84.18218728668768",3/12/2022 13:42,3/12/2022 13:55,23,gas,shop,stay,n,13
722,43,"35.98340673901765, -84.09531249306836",3/12/2022 13:55,3/12/2022 14:53,24,store,shop,drive,n,58
723,43,"35.98340673901765, -84.09531249306836",3/12/2022 14:53,3/12/2022 15:14,25,store,shop,stay,n,21
724,43,"35.97399306515133, -84.13813968922757",3/12/2022 15:14,3/12/2022 19:00,26,home,home,drive,n,226
725,43,"35.97399306515133, -84.13813968922757",3/12/2022 19:00,3/12/2022 23:59,27,home,home,stay,y,299
726,43,"35.97399306515133, -84.13813968922757",3/12/2022 23:59,,28,home,home,stay,y,0
727,44,"36.034252461145414, -83.93465899507449",3/11/2022 0:00,3/11/2022 6:41,1,home,home,stay,y,401
728,44,"36.034252461145414, -83.93465899507449",3/11/2022 6:41,3/11/2022 6:57,2,home,home,stay,y,16
729,44,"36.00510874395764, -83.77699838444109",3/11/2022 6:57,3/11/2022 15:12,3,work,work,drive,y,495
730,44,"36.00510874395764, -83.77699838444109",3/11/2022 15:12,3/11/2022 15:16,4,work,work,stay,y,4
731,44,"36.00526065374115, -83.77251936543422",3/11/2022 15:16,3/11/2022 15:26,5,gas,shop,drive,n,10
732,44,"36.00526065374115, -83.77251936543422",3/11/2022 15:26,3/11/2022 15:32,6,gas,shop,stay,n,6
733,44,"36.00579457889292, -83.77195796197186",3/11/2022 15:32,3/11/2022 16:41,7,restaurant,eat,drive,y,69
734,44,"36.00579457889292, -83.77195796197186",3/11/2022 16:41,3/11/2022 16:59,8,restaurant,eat,stay,y,18
735,44,"36.03276765101576, -83.93152235612095",3/11/2022 16:59,3/11/2022 17:41,9,store,shop,drive,n,42
736,44,"36.03276765101576, -83.93152235612095",3/11/2022 17:41,3/11/2022 17:46,10,store,shop,stay,n,5
737,44,"36.034252461145414, -83.93465899507449",3/11/2022 17:46,3/11/2022 19:00,11,home,home,drive,n,74
738,44,"36.034252461145414, -83.93465899507449",3/11/2022 19:00,3/12/2022 8:41,12,home,home,stay,y,821
739,44,"36.034252461145414, -83.93465899507449",3/12/2022 8:41,3/12/2022 8:55,13,home,home,stay,y,14
740,44,"35.941894368465114, -84.04004309504474",3/12/2022 8:55,3/12/2022 9:12,14,store,drop_off_passenger,drive,y,17
741,44,"36.034252461145414, -83.93465899507449",3/12/2022 9:12,3/12/2022 14:32,15,home,home,drive,n,320
742,44,"36.034252461145414, -83.93465899507449",3/12/2022 14:32,3/12/2022 14:50,16,home,home,stay,n,18
743,44,"36.00510874395764, -83.77699838444109",3/12/2022 14:50,3/12/2022 23:59,17,work,work,drive,y,549
744,44,"36.00510874395764, -83.77699838444109",3/12/2022 23:59,,18,work,work,stay,y,0
745,45,"35.970849453883666, -84.1842679247172",3/11/2022 0:00,3/11/2022 17:32,1,home,home,stay,y,1052
746,45,"35.970849453883666, -84.1842679247172",3/11/2022 17:32,3/11/2022 17:43,2,home,home,stay,y,11
747,45,"35.94241448342555, -84.1649607606759",3/11/2022 17:43,3/11/2022 19:13,3,gym,recreation,drive,n,90
748,45,"35.94241448342555, -84.1649607606759",3/11/2022 19:13,3/11/2022 19:25,4,gym,recreation,stay,n,12
749,45,"35.970849453883666, -84.1842679247172",3/11/2022 19:25,3/11/2022 21:00,5,home,home,drive,n,95
750,45,"35.970849453883666, -84.1842679247172",3/11/2022 21:00,3/12/2022 11:16,6,home,home,stay,n,856
751,45,"35.970849453883666, -84.1842679247172",3/12/2022 11:16,3/12/2022 11:24,7,home,home,stay,n,8
752,45,"35.94241448342555, -84.1649607606759",3/12/2022 11:24,3/12/2022 13:41,8,gym,recreation,drive,n,137
753,45,"35.94241448342555, -84.1649607606759",3/12/2022 13:41,3/12/2022 13:45,9,gym,recreation,stay,n,4
754,45,"35.94681235682294, -84.16029821741725",3/12/2022 13:45,3/12/2022 13:52,10,cafe,eat,drive,y,7
755,45,"35.94681235682294, -84.16029821741725",3/12/2022 13:52,3/12/2022 14:02,11,cafe,eat,stay,y,10
756,45,"35.948461979354036, -84.11259280713809",3/12/2022 14:02,3/12/2022 14:27,12,store,shop,drive,n,25
757,45,"35.948461979354036, -84.11259280713809",3/12/2022 14:27,3/12/2022 14:38,13,store,shop,stay,n,11
758,45,"35.970849453883666, -84.1842679247172",3/12/2022 14:38,3/12/2022 20:00,14,home,home,drive,n,322
759,45,"35.970849453883666, -84.1842679247172",3/12/2022 20:00,3/12/2022 23:59,15,home,home,stay,y,239
760,45,"35.970849453883666, -84.1842679247172",3/12/2022 23:59,,16,home,home,stay,y,0
761,46,"35.9144258033002, -84.02283018977316",3/11/2022 0:00,3/12/2022 10:32,1,home,home,stay,y,2072
762,46,"35.9144258033002, -84.02283018977316",3/12/2022 10:32,3/12/2022 10:55,2,home,home,stay,y,23
763,46,"35.90452669869641, -84.0190182880273",3/12/2022 10:55,3/12/2022 12:12,3,restaurant,eat,walk,y,77
764,46,"35.90452669869641, -84.0190182880273",3/12/2022 12:12,3/12/2022 12:36,4,restaurant,eat,stay,y,24
765,46,"35.9144258033002, -84.02283018977316",3/12/2022 12:36,3/12/2022 17:41,5,home,home,walk,n,305
766,46,"35.9144258033002, -84.02283018977316",3/12/2022 17:41,3/12/2022 17:50,6,home,home,stay,n,9
767,46,"35.921706690193545, -83.9921717593685",3/12/2022 17:50,3/12/2022 19:02,7,park,recreation,drive,n,72
768,46,"35.921706690193545, -83.9921717593685",3/12/2022 19:02,3/12/2022 19:10,8,park,recreation,stay,n,8
769,46,"35.9144258033002, -84.02283018977316",3/12/2022 19:10,3/12/2022 23:59,9,home,home,drive,y,289
770,46,"35.9144258033002, -84.02283018977316",3/12/2022 23:59,,10,home,home,stay,y,0
771,47,"35.98183038913514, -83.88495020250942",3/11/2022 0:00,3/11/2022 6:49,1,home,home,stay,y,409
772,47,"35.98183038913514, -83.88495020250942",3/11/2022 6:49,3/11/2022 6:56,2,home,home,stay,y,7
773,47,"35.982846748809486, -83.89379177962864",3/11/2022 6:56,3/11/2022 7:10,3,bus_stop,travel,walk,y,14
774,47,"35.96520538483259, -83.91380193398412",3/11/2022 7:10,3/11/2022 7:15,4,bus_stop,travel,transit,y,5
775,47,"35.96520538483259, -83.91380193398412",3/11/2022 7:15,3/11/2022 7:42,5,bus_stop,travel,stay,y,27
776,47,"35.93276507192499, -84.00384940890277",3/11/2022 7:42,3/11/2022 7:48,6,bus_stop,travel,transit,y,6
777,47,"35.93576648232195, -84.00346376915999",3/11/2022 7:48,3/11/2022 17:04,7,bank,work,walk,y,556
778,47,"35.93576648232195, -84.00346376915999",3/11/2022 17:04,3/11/2022 17:10,8,bank,work,stay,y,6
779,47,"35.93273128273975, -84.00277395954797",3/11/2022 17:10,3/11/2022 17:40,9,bus_stop,travel,walk,y,30
780,47,"35.96520538483259, -83.91380193398412",3/11/2022 17:40,3/11/2022 17:45,10,bus_stop,travel,transit,y,5
781,47,"35.96520538483259, -83.91380193398412",3/11/2022 17:45,3/11/2022 17:53,11,bus_stop,travel,stay,y,8
782,47,"35.98283992776079, -83.89378680124993",3/11/2022 17:53,3/11/2022 18:05,12,bus_stop,travel,transit,y,12
783,47,"35.98183038913514, -83.88495020250942",3/11/2022 18:05,3/11/2022 20:00,13,home,home,walk,n,115
784,47,"35.98183038913514, -83.88495020250942",3/11/2022 20:00,3/12/2022 8:45,14,home,home,stay,y,765
785,47,"35.98183038913514, -83.88495020250942",3/12/2022 8:45,3/12/2022 9:02,15,home,home,stay,y,17
786,47,"35.986998053557436, -83.89322751005832",3/12/2022 9:02,3/12/2022 9:02,16,store,shop,walk,n,0
787,47,"35.986998053557436, -83.89322751005832",3/12/2022 9:02,3/12/2022 9:20,17,store,shop,stay,n,18
788,47,"35.98183038913514, -83.88495020250942",3/12/2022 9:20,3/12/2022 14:11,18,home,home,walk,n,291
789,47,"35.98183038913514, -83.88495020250942",3/12/2022 14:11,3/12/2022 14:20,19,home,home,stay,n,9
790,47,"35.98273460280026, -83.88070420555155",3/12/2022 14:20,3/12/2022 17:41,20,park,recreation,walk,n,201
791,47,"35.98273460280026, -83.88070420555155",3/12/2022 17:41,3/12/2022 17:48,21,park,recreation,stay,n,7
792,47,"35.98183038913514, -83.88495020250942",3/12/2022 17:48,3/12/2022 19:00,21,home,home,walk,n,72
793,47,"35.98183038913514, -83.88495020250942",3/12/2022 19:00,3/12/2022 23:59,22,home,home,stay,y,299
794,47,"35.98183038913514, -83.88495020250942",3/12/2022 23:59,,23,home,home,stay,y,0
795,48,"36.04751196696049, -83.92491931352018",3/11/2022 0:00,3/11/2022 8:48,1,home,home,stay,y,528
796,48,"36.04751196696049, -83.92491931352018",3/11/2022 8:48,3/11/2022 9:03,2,home,home,stay,y,15
797,48,"36.03862528472989, -83.92189303011945",3/11/2022 9:03,3/11/2022 9:07,3,bus_stop,travel,walk,y,4
798,48,"36.03862528472989, -83.92189303011945",3/11/2022 9:07,3/11/2022 9:25,4,bus_stop,travel,stay,y,18
799,48,"36.02851156285657, -83.88694508144128",3/11/2022 9:25,3/11/2022 9:43,5,bus_stop,travel,transit,y,18
800,48,"36.03706096586106, -83.88858939474908",3/11/2022 9:43,3/11/2022 20:04,6,work,work,walk,y,621
801,48,"36.03706096586106, -83.88858939474908",3/11/2022 20:04,3/11/2022 20:07,7,work,work,stay,y,3
802,48,"36.03599919900716, -83.88740085655256",3/11/2022 20:07,3/11/2022 20:40,8,bus_stop,travel,walk,y,33
803,48,"35.965196789609045, -83.91381151036796",3/11/2022 20:40,3/11/2022 20:45,9,bus_stop,travel,transit,y,5
804,48,"35.965196789609045, -83.91381151036796",3/11/2022 20:45,3/11/2022 21:23,10,bus_stop,travel,stay,y,38
805,48,"36.0447870292616, -83.92196790410158",3/11/2022 21:23,3/11/2022 21:31,11,bus_stop,travel,transit,y,8
806,48,"36.04748074215634, -83.92501185091149",3/11/2022 21:31,3/12/2022 8:31,12,home,home,walk,y,660
807,48,"36.04748074215634, -83.92501185091149",3/12/2022 8:31,3/12/2022 8:47,13,home,home,stay,y,16
808,48,"36.03862528472989, -83.92189303011945",3/12/2022 8:47,3/12/2022 9:07,14,bus_stop,travel,walk,y,20
809,48,"36.03862528472989, -83.92189303011945",3/12/2022 9:07,3/12/2022 9:25,15,bus_stop,travel,stay,y,18
810,48,"36.02851156285657, -83.88694508144128",3/12/2022 9:25,3/12/2022 9:43,16,bus_stop,travel,transit,y,18
811,48,"36.03706096586106, -83.88858939474908",3/12/2022 9:43,3/12/2022 20:38,17,work,work,walk,y,655
812,48,"36.03706096586106, -83.88858939474908",3/12/2022 20:38,3/12/2022 20:40,18,work,work,stay,y,2
813,48,"36.03599919900716, -83.88740085655256",3/12/2022 20:40,3/12/2022 21:14,19,bus_stop,travel,walk,y,34
814,48,"36.03599919900716, -83.88740085655256",3/12/2022 21:14,3/12/2022 21:58,20,bus_stop,travel,stay,y,44
815,48,"35.98871854165417, -83.92029638810517",3/12/2022 21:58,3/12/2022 22:00,21,bus_stop,travel,transit,y,2
816,48,"35.990289808498765, -83.91996911684402",3/12/2022 22:00,3/12/2022 22:12,22,bus_stop,travel,walk,y,12
817,48,"35.990289808498765, -83.91996911684402",3/12/2022 22:12,3/12/2022 22:38,23,bus_stop,travel,stay,y,26
818,48,"36.0447870292616, -83.92196790410158",3/12/2022 22:38,3/12/2022 22:46,24,bus_stop,travel,transit,y,8
819,48,"36.04748074215634, -83.92501185091149",3/12/2022 22:46,3/12/2022 23:59,25,home,home,walk,y,73
820,48,"36.04748074215634, -83.92501185091149",3/12/2022 23:59,,26,home,home,stay,y,0
821,49,"36.115853432569125, -83.84687525427256",3/11/2022 0:00,3/12/2022 13:11,1,home,home,stay,y,2231
822,49,"36.115853432569125, -83.84687525427256",3/12/2022 13:11,3/12/2022 13:21,2,home,home,stay,y,10
823,49,"36.09298191895682, -83.91772071314563",3/12/2022 13:21,3/12/2022 14:41,3,store,shop,drive,n,80
824,49,"36.09298191895682, -83.91772071314563",3/12/2022 14:41,3/12/2022 14:51,4,store,shop,stay,n,10
825,49,"36.115853432569125, -83.84687525427256",3/12/2022 14:51,3/12/2022 23:59,5,home,home,drive,y,548
826,49,"36.115853432569125, -83.84687525427256",3/12/2022 23:59,,6,home,home,stay,y,0
827,50,"35.921644425964494, -83.9217572914168",3/11/2022 0:00,3/11/2022 7:45,1,home,home,stay,y,465
828,50,"35.921644425964494, -83.9217572914168",3/11/2022 7:45,3/11/2022 7:46,2,home,home,stay,y,1
829,50,"35.921370472785085, -83.92181993637534",3/11/2022 7:46,3/11/2022 7:50,3,bus_stop,travel,walk,y,4
830,50,"35.921370472785085, -83.92181993637534",3/11/2022 7:50,3/11/2022 8:08,4,bus_stop,travel,stay,y,18
831,50,"35.9625763340704, -83.91937925388645",3/11/2022 8:08,3/11/2022 8:19,5,bus_stop,travel,transit,y,11
832,50,"35.95980599926391, -83.9261634446258",3/11/2022 8:19,3/11/2022 8:24,6,day_care,drop_off_passenger,walk,y,5
833,50,"35.95980599926391, -83.9261634446258",3/11/2022 8:24,3/11/2022 8:40,7,day_care,drop_off_passenger,stay,y,16
834,50,"35.95388011736298, -83.92718278540477",3/11/2022 8:40,3/11/2022 11:41,8,school,school,walk,y,181
835,50,"35.95388011736298, -83.92718278540477",3/11/2022 11:41,3/11/2022 11:58,9,school,school,stay,y,17
836,50,"35.95484656793643, -83.93756710030442",3/11/2022 11:58,3/11/2022 16:40,10,cafe,work,walk,y,282
837,50,"35.95484656793643, -83.93756710030442",3/11/2022 16:40,3/11/2022 16:56,11,cafe,work,stay,y,16
838,50,"35.95980599926391, -83.9261634446258",3/11/2022 16:56,3/11/2022 17:01,12,day_care,pick_up_passenger,walk,y,5
839,50,"35.95980599926391, -83.9261634446258",3/11/2022 17:01,3/11/2022 17:15,13,day_care,pick_up_passenger,stay,y,14
840,50,"35.95935811584842, -83.92021314185136",3/11/2022 17:15,3/11/2022 17:17,14,bus_stop,travel,walk,y,2
841,50,"35.95935811584842, -83.92021314185136",3/11/2022 17:17,3/11/2022 17:30,15,bus_stop,travel,stay,y,13
842,50,"35.92145717248354, -83.92199155397243",3/11/2022 17:30,3/11/2022 17:33,16,bus_stop,travel,transit,y,3
843,50,"35.921644425964494, -83.9217572914168",3/11/2022 17:33,3/12/2022 8:49,17,home,home,walk,y,916
844,50,"35.921644425964494, -83.9217572914168",3/12/2022 8:49,3/12/2022 8:53,18,home,home,stay,y,4
845,50,"35.9209706249943, -83.92200228622752",3/12/2022 8:53,3/12/2022 10:17,19,food_bank,personal,walk,y,84
846,50,"35.9209706249943, -83.92200228622752",3/12/2022 10:17,3/12/2022 10:20,20,food_bank,personal,stay,y,3
847,50,"35.921644425964494, -83.9217572914168",3/12/2022 10:20,3/12/2022 16:00,21,home,home,walk,n,340
848,50,"35.921644425964494, -83.9217572914168",3/12/2022 16:00,3/12/2022 23:59,22,home,home,stay,y,479
849,50,"35.921644425964494, -83.9217572914168",3/12/2022 23:59,,23,home,home,stay,y,0
850,51,"36.019933887029055, -83.90746798386454",3/11/2022 0:00,3/11/2022 7:23,1,home,home,stay,y,443
851,51,"36.019933887029055, -83.90746798386454",3/11/2022 7:23,3/11/2022 7:35,2,home,home,stay,y,12
852,51,"35.989834534715314, -83.88727893651156",3/11/2022 7:35,3/11/2022 18:41,3,school,work,drive,y,666
853,51,"35.989834534715314, -83.88727893651156",3/11/2022 18:41,3/11/2022 18:53,4,school,work,stay,y,12
854,51,"36.019933887029055, -83.90746798386454",3/11/2022 18:53,3/12/2022 8:31,5,home,home,stay,y,818
855,51,"36.019933887029055, -83.90746798386454",3/12/2022 8:31,3/12/2022 8:42,6,home,home,stay,y,11
856,51,"35.989834534715314, -83.88727893651156",3/12/2022 8:42,3/12/2022 9:00,7,school,pick_up_passenger,drive,y,18
857,51,"35.989834534715314, -83.88727893651156",3/12/2022 9:00,3/12/2022 9:22,8,school,pick_up_passenger,stay,y,22
858,51,"36.02820099717377, -84.03098966101912",3/12/2022 9:22,3/12/2022 16:16,9,school,work,drive,y,414
859,51,"36.02820099717377, -84.03098966101912",3/12/2022 16:16,3/12/2022 16:31,10,school,work,stay,y,15
860,51,"36.005035169572245, -83.97953981424673",3/12/2022 16:31,3/12/2022 18:11,11,restaurant,eat,drive,y,100
861,51,"36.005035169572245, -83.97953981424673",3/12/2022 18:11,3/12/2022 18:26,12,restaurant,eat,stay,y,15
862,51,"35.989834534715314, -83.88727893651156",3/12/2022 18:26,3/12/2022 19:24,13,school,drop_off_passenger,drive,y,58
863,51,"35.989834534715314, -83.88727893651156",3/12/2022 19:24,3/12/2022 19:36,14,school,drop_off_passenger,stay,y,12
864,51,"36.019933887029055, -83.90746798386454",3/12/2022 19:36,3/12/2022 21:00,15,home,home,drive,n,84
865,51,"36.019933887029055, -83.90746798386454",3/12/2022 21:00,3/12/2022 23:59,16,home,home,stay,y,179
866,51,"36.019933887029055, -83.90746798386454",3/12/2022 23:59,,17,home,home,stay,y,0
867,52,"35.94836293008667, -83.91029919331599",3/11/2022 0:00,3/11/2022 7:32,1,home,home,stay,y,452
868,52,"35.94836293008667, -83.91029919331599",3/11/2022 7:32,3/11/2022 7:44,2,home,home,stay,y,12
869,52,"35.959198011003295, -83.93188157276056",3/11/2022 7:44,3/11/2022 7:50,3,parking_lot,travel,drive,y,6
870,52,"35.95756525516028, -83.93096208770854",3/11/2022 7:50,3/11/2022 12:17,4,school,school,walk,y,267
871,52,"35.95756525516028, -83.93096208770854",3/11/2022 12:17,3/11/2022 12:21,5,school,school,stay,y,4
872,52,"35.959198011003295, -83.93188157276056",3/11/2022 12:21,3/11/2022 12:29,6,parking_lot,travel,walk,y,8
873,52,"35.975120762595296, -83.91538082696736",3/11/2022 12:29,3/11/2022 19:02,7,work,work,drive,y,393
874,52,"35.975120762595296, -83.91538082696736",3/11/2022 19:02,3/11/2022 19:15,8,work,work,stay,y,13
875,52,"35.94836293008667, -83.91029919331599",3/11/2022 19:15,3/11/2022 20:00,9,home,home,drive,n,45
876,52,"35.94836293008667, -83.91029919331599",3/11/2022 20:00,3/12/2022 10:02,10,home,home,stay,y,842
877,52,"35.94836293008667, -83.91029919331599",3/12/2022 10:02,3/12/2022 10:12,11,home,home,stay,y,10
878,52,"35.932805740594794, -83.90657865440662",3/12/2022 10:12,3/12/2022 10:53,12,store,shop,drive,n,41
879,52,"35.932805740594794, -83.90657865440662",3/12/2022 10:53,3/12/2022 11:03,13,store,shop,stay,n,10
880,52,"35.94836293008667, -83.91029919331599",3/12/2022 11:03,3/12/2022 13:44,14,home,home,drive,n,161
881,52,"35.94836293008667, -83.91029919331599",3/12/2022 13:44,3/12/2022 13:57,15,home,home,stay,n,13
882,52,"35.95558793626194, -83.95651531320371",3/12/2022 13:57,3/12/2022 18:14,16,animal_shelter,volunteer,drive,y,257
883,52,"35.95558793626194, -83.95651531320371",3/12/2022 18:14,3/12/2022 18:27,17,animal_shelter,volunteer,stay,y,13
884,52,"35.94836293008667, -83.91029919331599",3/12/2022 18:27,3/12/2022 23:59,18,home,home,drive,y,332
885,52,"35.94836293008667, -83.91029919331599",3/12/2022 23:59,,19,home,home,stay,y,0
